myneta_id,name,constituency,district,party,age,education,criminal_cases,criminal_details,movable_assets,immovable_assets,total_assets,liabilities,affidavit_url
1,G Vijayakumar,AMBATTUR,THIRUVALLUR,IND,63,,0,,,,,,https://myneta.info/TamilNadu2021/candidate.php?candidate_id=1
2,P Dhanraj,AMBATTUR,THIRUVALLUR,IND,66,8th Pass,0,,774531,2400000,3174531,0,https://myneta.info/TamilNadu2021/candidate.php?candidate_id=2
3,S.Sakthivel,ARANI,TIRUVANNAMALAI,IND,33,10th Pass,0,,617900,4200000,4817900,0,https://myneta.info/TamilNadu2021/candidate.php?candidate_id=3
4,Sankar D,ATHOOR,DINDIGUL,IND,38,10th Pass,0,,226750,201000,427000,0,https://myneta.info/TamilNadu2021/candidate.php?candidate_id=4
5,Chandrasekar.A,AVADI,THIRUVALLUR,IND,39,,0,,,,,,https://myneta.info/TamilNadu2021/candidate.php?candidate_id=5
6,O.Panneerselvam,BODINAYAKKANUR,THENI,AIADMK,71,,0,,,,,,https://myneta.info/TamilNadu2021/candidate.php?candidate_id=6
7,S. Balamurugan,CHIDAMBARAM,CUDDALORE,IND,39,Others,0,,449000,484500,938500,769284,https://myneta.info/TamilNadu2021/candidate.php?candidate_id=7
8,Maharishi Mandharacsalam,COIMBATORE NORTH,COIMBATORE,IND,50,8th Pass,0,,2705000,11100000,13805000,500000,https://myneta.info/TamilNadu2021/candidate.php?candidate_id=8
9,M.C.Sampath,CUDDALORE,CUDDALORE,AIADMK,62,,0,,,,,,https://myneta.info/TamilNadu2021/candidate.php?candidate_id=9
10,Sreenivasan.C,DINDIGUL,DINDIGUL,AIADMK,72,Post Graduate,0,,9048628,68491360,77539989,0,https://myneta.info/TamilNadu2021/candidate.php?candidate_id=10
11,Marimuthu.P,DR.RADHAKRISHNAN NAGAR,CHENNAI,IND,65,,0,,,,,,https://myneta.info/TamilNadu2021/candidate.php?candidate_id=11
12,Venugopal.D,DR.RADHAKRISHNAN NAGAR,CHENNAI,SHS,35,,2,"147, 148, 294B, 341, 324, 506(II); 341, 336, 290, 143, 188",,,,,https://myneta.info/TamilNadu2021/candidate.php?candidate_id=12
13,Sivakumar.S,DR.RADHAKRISHNAN NAGAR,CHENNAI,C,31,Others,0,,26488,3,26488,0,https://myneta.info/TamilNadu2021/candidate.php?candidate_id=13
14,Dr.K.Padmarajan,EDAPPADI,SALEM,IND,60,Post Graduate,0,,90651,1400000,1511000,0,https://myneta.info/TamilNadu2021/candidate.php?candidate_id=14
15,Agni Sriramachandran. N,EDAPPADI,SALEM,IND,40,,0,,,,,,https://myneta.info/TamilNadu2021/candidate.php?candidate_id=15
16,L. Kathiresan,EDAPPADI,SALEM,IND,48,,0,,,,,,https://myneta.info/TamilNadu2021/candidate.php?candidate_id=16
17,Immanuvel.R,KANGAYAM,TIRUPPUR,IND,35,12th Pass,0,,59100,3,59100,0,https://myneta.info/TamilNadu2021/candidate.php?candidate_id=17
18,Sukumaran.N,KANGAYAM,TIRUPPUR,IND,64,5th Pass,0,,425000,3,425000,0,https://myneta.info/TamilNadu2021/candidate.php?candidate_id=18
19,Shanmugam.N,KARUR,KARUR,Samaniya Makkal Nala Katchi,50,Graduate Professional,2,"294b, 447, 353, 506(i); 147, 148, 341, 294b, 324, 506(ii), 379",4487256,7000000,11487256,1076000,https://myneta.info/TamilNadu2021/candidate.php?candidate_id=19
21,Rajkumar Poliah,KOVILPATTI,THOOTHUKUDI,Universal Brotherhood Movement,37,Graduate,0,,470500,3,470500,0,https://myneta.info/TamilNadu2021/candidate.php?candidate_id=21
22,"Pugalenthi, Dr.S.",KUNNAM,PERAMBALUR,IND,58,Graduate,0,,438000,500000,938000,0,https://myneta.info/TamilNadu2021/candidate.php?candidate_id=22
23,S.Kandasamy,VILLIVAKKAM,CHENNAI,IND,56,10th Pass,0,,70000,3,70000,0,https://myneta.info/TamilNadu2021/candidate.php?candidate_id=23
24,A . Ajith Kumar,VILLIVAKKAM,CHENNAI,IND,26,Post Graduate,0,,2468977,150000,2618977,699910,https://myneta.info/TamilNadu2021/candidate.php?candidate_id=24
25,Naseer K,VELLORE,VELLORE,IND,42,10th Pass,0,,70000,3,70000,0,https://myneta.info/TamilNadu2021/candidate.php?candidate_id=25
28,A Nakkeeran,TIRUVANNAMALAI,TIRUVANNAMALAI,IND,46,5th Pass,0,,121500,3,121000,48000,https://myneta.info/TamilNadu2021/candidate.php?candidate_id=28
29,S K Selvam,TIRUVANNAMALAI,TIRUVANNAMALAI,Veerath Thiyagi Viswanathadoss Thozhilalarkal,51,10th Pass,0,,674870,2000000,3014870,0,https://myneta.info/TamilNadu2021/candidate.php?candidate_id=29
30,Anbubagurudeen N,TIRUVADANAI,RAMANATHAPURAM,NCP,65,5th Pass,0,,542500,600000,1142500,0,https://myneta.info/TamilNadu2021/candidate.php?candidate_id=30
31,Senthilkumar.V,TIRUPPUR NORTH,TIRUPPUR,Anna Puratchi Thalaivar Amma Dravida Munnetra Kazhagam,48,Graduate,0,,4469738,19900000,24289738,7700000,https://myneta.info/TamilNadu2021/candidate.php?candidate_id=31
32,Manithan,TIRUPATTUR,TIRUPATHUR,IND,53,Post Graduate,0,,80000,3,80000,0,https://myneta.info/TamilNadu2021/candidate.php?candidate_id=32
34,Nainar Nagenthran,TIRUNELVELI,TIRUNELVELI,BJP,60,Post Graduate,1,"153A, 152, 504, 505(2), 500, 506(1)",175071074,92936808,267772882,45745502,https://myneta.info/TamilNadu2021/candidate.php?candidate_id=34
37,Gobalakrishnan M.,MELUR,MADURAI,IND,43,10th Pass,1,"506(2), 307",221000,20200000,20421000,1188000,https://myneta.info/TamilNadu2021/candidate.php?candidate_id=37
38,Dr.Padmarajan.K,METTUR,SALEM,IND,60,Post Graduate,0,,90651,1400000,1511000,0,https://myneta.info/TamilNadu2021/candidate.php?candidate_id=38
39,Banupriya.P,METTUR,SALEM,Ganasangam Party of India,25,Graduate,0,,107700,3,107700,40502,https://myneta.info/TamilNadu2021/candidate.php?candidate_id=39
40,Govanam Thangavel.K.S,MODAKKURICHI,ERODE,IND,62,8th Pass,0,,103500,1150000,1253500,303000,https://myneta.info/TamilNadu2021/candidate.php?candidate_id=40
42,Ramesh T,NAMAKKAL,NAMAKKAL,Ahimsa Socialist Party,40,Graduate,0,,2125956,5000000,7125956,0,https://myneta.info/TamilNadu2021/candidate.php?candidate_id=42
44,Serma Selvaraj,PALLAVARAM,CHENGALPATTU,Desiya Makkal Sakthi Katchi,49,Post Graduate,0,,14765979,4800000,19565980,0,https://myneta.info/TamilNadu2021/candidate.php?candidate_id=44
45,Sebastin. J,PERAMBUR,CHENNAI,C,44,10th Pass,0,,1809,3,1809,0,https://myneta.info/TamilNadu2021/candidate.php?candidate_id=45
47,M.Antony Rossary,RADHAPURAM,TIRUNELVELI,IND,49,Graduate,0,,905779,5500000,6405000,0,https://myneta.info/TamilNadu2021/candidate.php?candidate_id=47
48,M Ahamedshahjahan,SALEM NORTH,SALEM,MGR Makkal Katchi,51,Post Graduate,1,"188, 506(i)",3400000,1800000,5150000,160000,https://myneta.info/TamilNadu2021/candidate.php?candidate_id=48
49,Vaathiar C Murugan,SALEM NORTH,SALEM,Ambedkarite Party of India,42,8th Pass,0,,222486,500000,722486,900000,https://myneta.info/TamilNadu2021/candidate.php?candidate_id=49
50,Karthikeyan P,SULUR,COIMBATORE,IND,49,12th Pass,0,,1517000,39075000,40592000,386000,https://myneta.info/TamilNadu2021/candidate.php?candidate_id=50
51,Santhosh M.,THANJAVUR,THANJAVUR,IND,42,12th Pass,0,,175000,3,175000,0,https://myneta.info/TamilNadu2021/candidate.php?candidate_id=51
52,Rajanbabu P,THIRUMANGALAM,MADURAI,IND,29,Graduate,0,,95000,3,95000,0,https://myneta.info/TamilNadu2021/candidate.php?candidate_id=52
53,Amanullah R.S.A.,THIRUVAUR,THIRUVARUR,IND,58,8th Pass,0,,695000,5500000,6195000,0,https://myneta.info/TamilNadu2021/candidate.php?candidate_id=53
54,B.Zakir Hussain,THIRUVOTTIYUR,THIRUVALLUR,IND,47,Graduate Professional,0,,751774,4000000,4751774,560000,https://myneta.info/TamilNadu2021/candidate.php?candidate_id=54
55,"Abinaya, B.",SRIVILLIPUTHUR (SC),VIRUDHUNAGAR,Naam Tamilar Katchi,27,Post Graduate,0,,188500,320000,507520,0,https://myneta.info/TamilNadu2021/candidate.php?candidate_id=55
56,"Ramchandran, M.",ORATHANADU,THANJAVUR,DMK,76,Graduate Professional,2,"143, 341, 353, 269; 143, 341, 188",1018574,17577000,18595574,0,https://myneta.info/TamilNadu2021/candidate.php?candidate_id=56
57,Anish Fathima. A,CUMBUM,THENI,Naam Tamilar Katchi,38,12th Pass,0,,2448910,4521000,6969910,405000,https://myneta.info/TamilNadu2021/candidate.php?candidate_id=57
58,Chinnappan P,VILATHIKULAM,THOOTHUKUDI,AIADMK,51,10th Pass,1,"143, 269, 270, 283",9058000,10500000,28458000,1920000,https://myneta.info/TamilNadu2021/candidate.php?candidate_id=58
59,Anburose.D,DINDIGUL,DINDIGUL,IND,49,12th Pass,0,,3578234,35100000,42422500,3374086,https://myneta.info/TamilNadu2021/candidate.php?candidate_id=59
60,Simon Justin A,ATHOOR,DINDIGUL,Naam Tamilar Katchi,39,Post Graduate,0,,208200,1500000,1708000,0,https://myneta.info/TamilNadu2021/candidate.php?candidate_id=60
61,Shrirathna,EDAPPADI,SALEM,Naam Tamilar Katchi,33,Post Graduate,0,,431259,3,431261,0,https://myneta.info/TamilNadu2021/candidate.php?candidate_id=61
62,M.Perm Chandar,BODINAYAKKANUR,THENI,Naam Tamilar Katchi,38,Post Graduate,1,"143, 341",7850963,3300000,10850963,3432055,https://myneta.info/TamilNadu2021/candidate.php?candidate_id=62
63,M Rajbabu,ANAIKATTU,VELLORE,IND,36,12th Pass,0,,76328,3,343848,0,https://myneta.info/TamilNadu2021/candidate.php?candidate_id=63
64,Sheikdavood.A.M,ANTHIYUR,ERODE,IND,58,Graduate,0,,3,3,0,50000,https://myneta.info/TamilNadu2021/candidate.php?candidate_id=64
65,Shanmugavel.K.S,ANTHIYUR,ERODE,AIADMK,62,10th Pass,0,,1760683,6210000,7970684,632194,https://myneta.info/TamilNadu2021/candidate.php?candidate_id=65
66,Thangavel. P. S. N,ARAVAKURICHI,KARUR,Amma Makkal Munnettra Kazagam,53,Graduate Professional,1,"171B, 171E",33324228,37816500,71200728,10499114,https://myneta.info/TamilNadu2021/candidate.php?candidate_id=66
67,A P Jayasankaran,ATTUR (SC),SALEM,AIADMK,50,Others,0,,4714528,51400000,56114528,990988,https://myneta.info/TamilNadu2021/candidate.php?candidate_id=67
68,"Dhanapal, P",AVANASHI (SC),TIRUPPUR,AIADMK,69,Post Graduate,0,,18343148,31100000,49443148,18116143,https://myneta.info/TamilNadu2021/candidate.php?candidate_id=68
69,Mathiazhagan D,BARGUR,KRISHNAGIRI,DMK,54,Graduate,0,,583531033,281674683,718767086,175893071,https://myneta.info/TamilNadu2021/candidate.php?candidate_id=69
70,Krishnan A,BARGUR,KRISHNAGIRI,AIADMK,61,,0,,,,,,https://myneta.info/TamilNadu2021/candidate.php?candidate_id=70
72,Liakathali O,METTUPALAYAM,COIMBATORE,IND,46,8th Pass,0,,110600,3,110600,262421,https://myneta.info/TamilNadu2021/candidate.php?candidate_id=72
73,Rathinavel. R.,BHUVANAGIRI,CUDDALORE,Naam Tamilar Katchi,45,10th Pass,0,,2590000,1250000,3840000,0,https://myneta.info/TamilNadu2021/candidate.php?candidate_id=73
74,P.Kumaragurubaran,BODINAYAKKANUR,THENI,IND,47,Post Graduate,0,,608876,3,608876,0,https://myneta.info/TamilNadu2021/candidate.php?candidate_id=74
75,C Mahendran,MADATHUKULAM,TIRUPPUR,AIADMK,49,Post Graduate,0,,170584686,293477000,464061686,60507817,https://myneta.info/TamilNadu2021/candidate.php?candidate_id=75
76,Manogaran S,VELLORE,VELLORE,Kamarajar Deseeya Congress,60,5th Pass,0,,1320000,3,2960000,0,https://myneta.info/TamilNadu2021/candidate.php?candidate_id=76
77,Thalavai Sundaram N.,KANNIYAKUMARI,KANNIYAKUMARI,AIADMK,62,Graduate Professional,1,"183, 186, 189, 448",11570097,8400000,19970097,784142,https://myneta.info/TamilNadu2021/candidate.php?candidate_id=77
78,Rajesh R,CHEYYUR (SC),CHENGALPATTU,Naam Tamilar Katchi,34,Graduate Professional,0,,190000,3,190000,0,https://myneta.info/TamilNadu2021/candidate.php?candidate_id=78
79,Natarajan Krishnamoorthy,CHIDAMBARAM,CUDDALORE,Naam Tamilar Katchi,43,12th Pass,0,,1562000,8500000,10012000,2970967,https://myneta.info/TamilNadu2021/candidate.php?candidate_id=79
80,K.A. Pandian,CHIDAMBARAM,CUDDALORE,AIADMK,60,Post Graduate,0,,26079604,36150000,62079604,10432505,https://myneta.info/TamilNadu2021/candidate.php?candidate_id=80
82,G.Iyappan,CUDDALORE,CUDDALORE,DMK,63,Post Graduate,0,,7260563,16300000,23470563,7545921,https://myneta.info/TamilNadu2021/candidate.php?candidate_id=82
83,Syedukhan.S.P.M,CUMBUM,THENI,AIADMK,73,12th Pass,0,,4050000,2800000,6850000,2500000,https://myneta.info/TamilNadu2021/candidate.php?candidate_id=83
84,Prakash.P,CUMBUM,THENI,IND,37,Graduate Professional,1,"417, 495, 506(ii)",986100,3,986100,868917,https://myneta.info/TamilNadu2021/candidate.php?candidate_id=84
85,Ananthi S,DHARAPURAM (SC),TIRUPPUR,IND,36,Post Graduate,0,,1500,3,450000,0,https://myneta.info/TamilNadu2021/candidate.php?candidate_id=85
86,Chidambharam V,DHARAPURAM (SC),TIRUPPUR,India Dravida Makkal Munnetra Katchi,58,Post Graduate,0,,162000,1120000,1332000,0,https://myneta.info/TamilNadu2021/candidate.php?candidate_id=86
87,Jayasundar.R,DINDIGUL,DINDIGUL,Naam Tamilar Katchi,49,Graduate,2,"147, 294(B), 323, 397, 452, 506(1); 143, 341,",1585000,1500000,3085000,2179000,https://myneta.info/TamilNadu2021/candidate.php?candidate_id=87
88,Palaniswami K,EDAPPADI,SALEM,AIADMK,67,Graduate,0,,20197269,46840000,67037269,2975453,https://myneta.info/TamilNadu2021/candidate.php?candidate_id=88
89,Jamuna A,EDAPPADI,SALEM,BSP,25,Graduate,0,,5500,3,5500,0,https://myneta.info/TamilNadu2021/candidate.php?candidate_id=89
90,Pookadai Sekar N,EDAPPADI,SALEM,Amma Makkal Munnettra Kazagam,54,10th Pass,3,"147, 188; 143, 269; 143, 188",1063509,720000,1783509,83723,https://myneta.info/TamilNadu2021/candidate.php?candidate_id=90
91,P.Geetha Lakshmi,EGMORE (SC),CHENNAI,Naam Tamilar Katchi,38,Graduate Professional,0,,241500,3,241500,0,https://myneta.info/TamilNadu2021/candidate.php?candidate_id=91
92,"Ketheeswaran, R.",GUDALUR (SC),THE NILGIRIS,Naam Tamilar Katchi,41,12th Pass,2,"143, 188, 341, 353, 506(2)",128433,260000,387933,12240,https://myneta.info/TamilNadu2021/candidate.php?candidate_id=92
93,Sampathkumar.V,HARUR (SC),DHARMAPURI,AIADMK,46,Graduate Professional,0,,3918853,3161250,7080103,1400000,https://myneta.info/TamilNadu2021/candidate.php?candidate_id=93
94,Parthipan.P,HARUR (SC),DHARMAPURI,IND,52,Graduate,0,,50000,20000,675500,0,https://myneta.info/TamilNadu2021/candidate.php?candidate_id=94
95,K. Prabakaran,KANCHEEPURAM,KANCHEEPURAM,BSP,32,Graduate Professional,0,,439000,3,439000,45000,https://myneta.info/TamilNadu2021/candidate.php?candidate_id=95
96,Nallamuthu.P,KANGAYAM,TIRUPPUR,IND,69,8th Pass,0,,819581,450000,1439581,0,https://myneta.info/TamilNadu2021/candidate.php?candidate_id=96
97,Dr.R.Rameshbabu,KILPENNATHUR,TIRUVANNAMALAI,Naam Tamilar Katchi,44,Post Graduate,0,,4015500,11500000,15515500,1116114,https://myneta.info/TamilNadu2021/candidate.php?candidate_id=97
98,K.Pitchandi,KILPENNATHUR,TIRUVANNAMALAI,DMK,67,Post Graduate,0,,5872501,29095000,34967503,2455379,https://myneta.info/TamilNadu2021/candidate.php?candidate_id=98
99,K Seetharaman,KILVAITHINANKUPPAM (SC),VELLORE,DMK,63,10th Pass,0,,604000,500000,1104000,0,https://myneta.info/TamilNadu2021/candidate.php?candidate_id=99
100,Vijayakumar.R,KRISHNAGIRI,KRISHNAGIRI,Veerath Thiyagi Viswanathadoss Thozhilalarkal Katchi,38,8th Pass,0,,438100,1025000,1470500,698062,https://myneta.info/TamilNadu2021/candidate.php?candidate_id=100
101,Nirandari.V,KRISHNAGIRI,KRISHNAGIRI,Naam Tamilar Katchi,26,Post Graduate,0,,207000,3,207000,0,https://myneta.info/TamilNadu2021/candidate.php?candidate_id=101
102,Ashokkumar.K,KRISHNAGIRI,KRISHNAGIRI,AIADMK,68,10th Pass,0,,3612824,3,3612824,0,https://myneta.info/TamilNadu2021/candidate.php?candidate_id=102
103,Senguttuvan.T,KRISHNAGIRI,KRISHNAGIRI,DMK,68,10th Pass,8,"147, 148, 448, 395, 397, 34; 143, 188, 341; 171H; 143, 188, 285; 143, 188, 341; 143, 188, 269; 143, 188, 269; 143, 188, 269",19391952,19025000,38416952,14740721,https://myneta.info/TamilNadu2021/candidate.php?candidate_id=103
104,Muthukumar,KRISHNARAYAPURAM (SC),KARUR,AIADMK,41,Graduate,3,"143, 188, 341, 285,; 147, 447, 294(b), 323, 355, 506(i); 336, 427",4313315,26500000,31313316,3675035,https://myneta.info/TamilNadu2021/candidate.php?candidate_id=104
105,Thangamani.P,KUMARAPALAYAM,NAMAKKAL,AIADMK,60,10th Pass,0,,11103256,7578000,18681256,0,https://myneta.info/TamilNadu2021/candidate.php?candidate_id=105
106,"Anbalagan, G.",KUMBAKONAM,THANJAVUR,DMK,72,10th Pass,6,"143, 188, 341; 143, 188; 143, 188, 269, 270; 143, 269, 270, 341; 143, 269, 270; 143, 269, 270, 188",85400671,337786000,417302510,102995783,https://myneta.info/TamilNadu2021/candidate.php?candidate_id=106
107,"Ramachandran, R.T.",KUNNAM,PERAMBALUR,AIADMK,47,8th Pass,0,,21534627,27847025,49381652,15675878,https://myneta.info/TamilNadu2021/candidate.php?candidate_id=107
108,Sankarapandi P,MADURAI NORTH,MADURAI,IND,35,5th Pass,0,,92000,1000000,1142000,0,https://myneta.info/TamilNadu2021/candidate.php?candidate_id=108
110,Raju. K,MADURAI WEST,MADURAI,AIADMK,68,Graduate,1,,31518074,33971630,64904706,19774424,https://myneta.info/TamilNadu2021/candidate.php?candidate_id=110
111,Vetrikumaran. C,MADURAI WEST,MADURAI,Naam Tamilar Katchi,46,Graduate Professional,1,"147, 148, 397, 294b, 506(ii)",2493833,19180000,22136064,4928414,https://myneta.info/TamilNadu2021/candidate.php?candidate_id=111
112,Sumitha. P,MADURANTAKAM (SC),CHENGALPATTU,Naam Tamilar Katchi,30,8th Pass,0,,267000,3,267000,0,https://myneta.info/TamilNadu2021/candidate.php?candidate_id=112
113,Chandrasekar.R,MANAPPARAI,TIRUCHIRAPPALLI,AIADMK,54,10th Pass,0,,14772468,19937915,36159383,4513893,https://myneta.info/TamilNadu2021/candidate.php?candidate_id=113
114,Kanimozhi.P,MANAPPARAI,TIRUCHIRAPPALLI,Naam Tamilar Katchi,31,Post Graduate,0,,204000,3,604000,159000,https://myneta.info/TamilNadu2021/candidate.php?candidate_id=114
115,Rajaa T R B,MANNARGUDI,THIRUVARUR,DMK,44,Post Graduate,2,"341, 269, 270; 143",210192555,207967581,418159401,134876728,https://myneta.info/TamilNadu2021/candidate.php?candidate_id=115
116,M Rajendran,MAYILADUTHURAI,NAGAPATTINAM,IND,58,10th Pass,0,,129000,3,128000,0,https://myneta.info/TamilNadu2021/candidate.php?candidate_id=116
117,K Kasiraman,MAYILADUTHURAI,NAGAPATTINAM,Naam Tamilar Katchi,47,12th Pass,0,,12840327,4052500,16892827,0,https://myneta.info/TamilNadu2021/candidate.php?candidate_id=117
118,Selvaraj A K,METTUPALAYAM,COIMBATORE,AIADMK,62,Graduate,0,,1030988,9440000,10470989,0,https://myneta.info/TamilNadu2021/candidate.php?candidate_id=118
119,Mayilsamy.P,MODAKKURICHI,ERODE,IND,42,8th Pass,0,,325000,3,325000,0,https://myneta.info/TamilNadu2021/candidate.php?candidate_id=119
120,R.Rahmadnisha,MUDUKULATHUR,RAMANATHAPURAM,Naam Tamilar Katchi,37,Literate,0,,1095000,1200000,2295000,655040,https://myneta.info/TamilNadu2021/candidate.php?candidate_id=120
121,Karthikeyan. J,VRIDHACHALAM,CUDDALORE,Pattali Makkal Katchi,35,Post Graduate,0,,3506797,7312591,13832939,3520000,https://myneta.info/TamilNadu2021/candidate.php?candidate_id=121
123,R.Mayilsamy,VIRUGAMPAKKAM,CHENNAI,IND,56,,0,,,,,,https://myneta.info/TamilNadu2021/candidate.php?candidate_id=123
124,T.S.Rajendran,VIRUGAMPAKKAM,CHENNAI,Naam Tamilar Katchi,57,12th Pass,0,,940500,2800000,3740500,250000,https://myneta.info/TamilNadu2021/candidate.php?candidate_id=124
126,Palaniappan,VIRALIMALAI,PUDUKKOTTAI,DMK,54,Graduate Professional,12,"143, 188; 143, 188; 143, 188; 143, 188, 341, 353; 143, 269, 270, 283; 143, 269, 270, 283; 143, 188, 341; 143, 188; 124A, 153, 294B, 504, 505(1)C; 143, 188; 294b, 307, 323; 143,188",36302900,54900000,91202900,13422808,https://myneta.info/TamilNadu2021/candidate.php?candidate_id=126
127,Karuppasamy K,VILATHIKULAM,THOOTHUKUDI,Naam Indiar Party,61,8th Pass,0,,1320000,2300000,3620000,0,https://myneta.info/TamilNadu2021/candidate.php?candidate_id=127
128,Balaji R,VILATHIKULAM,THOOTHUKUDI,Naam Tamilar Katchi,30,Post Graduate,0,,858566,2000000,2858566,354000,https://myneta.info/TamilNadu2021/candidate.php?candidate_id=128
129,K.P.Munusamy,VEPPANAHALLI,KRISHNAGIRI,AIADMK,68,Graduate Professional,0,,20634723,102905000,123538973,4257626,https://myneta.info/TamilNadu2021/candidate.php?candidate_id=129
130,P.Murugan,VEPPANAHALLI,KRISHNAGIRI,DMK,51,12th Pass,0,,15912624,43549536,59462160,6440316,https://myneta.info/TamilNadu2021/candidate.php?candidate_id=130
131,Appu S.R.K,VELLORE,VELLORE,AIADMK,43,Graduate,0,,5796148,32545000,38341148,7550171,https://myneta.info/TamilNadu2021/candidate.php?candidate_id=131
132,Selvam S K,VEERAPANDI,SALEM,Amma Makkal Munnettra Kazagam,59,10th Pass,4,"143, 341; 143, 148; 143, 120B, 124A, 153, 500, 504, 506(ii); 143, 341, 188, 171F, 84(2), 177",6427329,7600000,11027329,0,https://myneta.info/TamilNadu2021/candidate.php?candidate_id=132
133,Mohan P,VEERAPANDI,SALEM,C,65,12th Pass,0,,590693,3225000,3815693,50000,https://myneta.info/TamilNadu2021/candidate.php?candidate_id=133
134,Rajeshkumar S,VEERAPANDI,SALEM,Naam Tamilar Katchi,27,10th Pass,0,,107000,3,107000,856882,https://myneta.info/TamilNadu2021/candidate.php?candidate_id=134
135,Pothumani R,VEDASANDUR,DINDIGUL,Naam Tamilar Katchi,53,Graduate,0,,336600,800000,1136600,345000,https://myneta.info/TamilNadu2021/candidate.php?candidate_id=135
136,O.S.Manian,VEDHARANYAM,NAGAPATTINAM,AIADMK,66,Others,0,,11387929,4700000,16087930,0,https://myneta.info/TamilNadu2021/candidate.php?candidate_id=136
137,Chakrapani M,VANUR (SC),VILLUPPURAM,AIADMK,67,Graduate,0,,5646050,10500000,16146050,3904024,https://myneta.info/TamilNadu2021/candidate.php?candidate_id=137
138,P.Abdul Wahid,VANIYAMBADI,TIRUPATHUR,IND,55,5th Pass,0,,10208,3,10208,0,https://myneta.info/TamilNadu2021/candidate.php?candidate_id=138
139,G.Sendhil Kumar,VANIYAMBADI,TIRUPATHUR,AIADMK,36,Graduate Professional,1,,7979760,16050000,24029751,6609093,https://myneta.info/TamilNadu2021/candidate.php?candidate_id=139
140,T.M.Tamilselvam,UTHANGARAI (SC),KRISHNAGIRI,AIADMK,47,10th Pass,0,,3076884,1500000,4576885,0,https://myneta.info/TamilNadu2021/candidate.php?candidate_id=140
141,Iyndhukovilan G,USILAMPATTI,MADURAI,Naam Tamilar Katchi,54,Post Graduate,0,,125000,3,125000,0,https://myneta.info/TamilNadu2021/candidate.php?candidate_id=141
142,"Arokiyanathan, B.",UDHAGAMANDALAM,THE NILGIRIS,IND,57,5th Pass,0,,452000,3,820000,620000,https://myneta.info/TamilNadu2021/candidate.php?candidate_id=142
144,Selvaraj. K.,TIRUPPUR SOUTH,TIRUPPUR,DMK,64,5th Pass,4,"143, 341; 341, 147, 188, 285; 143, 188, 341, 269, 270",15257508,10100000,25357510,5120297,https://myneta.info/TamilNadu2021/candidate.php?candidate_id=144
145,Senthilkumar.R,TIRUPPUR NORTH,TIRUPPUR,IND,45,12th Pass,0,,92500,3,70000,30000,https://myneta.info/TamilNadu2021/candidate.php?candidate_id=145
146,T.K. Raja,TIRUPATTUR,TIRUPATHUR,Pattali Makkal Katchi,55,10th Pass,0,,443313,100000,542653,138000,https://myneta.info/TamilNadu2021/candidate.php?candidate_id=146
147,"Vellamandi Natarajan,N.",TIRUCHIRAPPALLI EAST,TIRUCHIRAPPALLI,AIADMK,71,10th Pass,0,,12138233,8900000,21038533,0,https://myneta.info/TamilNadu2021/candidate.php?candidate_id=147
148,Saraswathi Pon,TIRUCHENGODU,NAMAKKAL,AIADMK,60,Graduate,1,"474,468,419,420",30524755,93575000,124398755,8131069,https://myneta.info/TamilNadu2021/candidate.php?candidate_id=148
149,Eswaran E R,TIRUCHENGODU,NAMAKKAL,DMK,60,,5,"147, 148, 341, 307; 147, 148, 294B, 323, 324, 506; 143, 341, 269; 147, 188, 285, 341",,,,,https://myneta.info/TamilNadu2021/candidate.php?candidate_id=149
151,M. Badran,THONDAMUTHUR,COIMBATORE,Ganasangam Party of India,57,10th Pass,0,,65500,700000,864000,8000,https://myneta.info/TamilNadu2021/candidate.php?candidate_id=151
152,S.P. Velumani,THONDAMUTHUR,COIMBATORE,AIADMK,51,Post Graduate,0,,22695872,33235280,55931162,0,https://myneta.info/TamilNadu2021/candidate.php?candidate_id=152
154,Thirunavukkarasu V,THIYAGARAYANAGAR,CHENNAI,Makkalatchi Katchi,43,,0,,,,,,https://myneta.info/TamilNadu2021/candidate.php?candidate_id=154
156,Pannerselvam A.N.R.,THIRUVAUR,THIRUVARUR,AIADMK,61,,0,,,,,,https://myneta.info/TamilNadu2021/candidate.php?candidate_id=156
158,Durai.Chandrasekaran,THIRUVAIYARU,THANJAVUR,DMK,61,Graduate Professional,10,"343, 341, 353, 269; 143, 188; 143, 188; 341, 143, 188; 341, 143; 151; 341, 143, 188; 341, 143, 188; 294B, 353, 506(1), 355, 511",19420369,14003450,32695819,1404371,https://myneta.info/TamilNadu2021/candidate.php?candidate_id=158
159,"Venkatesan, S.",THIRUVAIYARU,THANJAVUR,BJP,58,,6,"406, 465, 467, 420; 147, 148, 149, 294b, 333, 332, 307, 506(ii)",,,,,https://myneta.info/TamilNadu2021/candidate.php?candidate_id=159
160,Suresh Kumar C,THIRUTHURAIPOONDI (SC),THIRUVARUR,AIADMK,54,Graduate Professional,1,"147, 148, 332, 323, 307, 506(I)",7630453,26794160,34424614,822228,https://myneta.info/TamilNadu2021/candidate.php?candidate_id=160
161,Mohana Sundari.S,THIRUPORUR,CHENGALPATTU,Naam Tamilar Katchi,36,Graduate,0,,3304000,2934532,6238532,2525000,https://myneta.info/TamilNadu2021/candidate.php?candidate_id=161
162,Udhayakumar R B,THIRUMANGALAM,MADURAI,AIADMK,47,Post Graduate,0,,5320625,12950000,18270625,0,https://myneta.info/TamilNadu2021/candidate.php?candidate_id=162
163,"Arivudainambi, V.",THANJAVUR,THANJAVUR,AIADMK,51,,0,,,,,,https://myneta.info/TamilNadu2021/candidate.php?candidate_id=163
164,Selva Mohandas Pandian.S,TENKASI,TENKASI,AIADMK,51,Others,1,"147, 323, 506(ii)",9304483,38831047,48135530,18751657,https://myneta.info/TamilNadu2021/candidate.php?candidate_id=164
165,Kandasamy V.P.,SULUR,COIMBATORE,AIADMK,62,,0,,,,,,https://myneta.info/TamilNadu2021/candidate.php?candidate_id=165
166,"Manraj, E.M.",SRIVILLIPUTHUR (SC),VIRUDHUNAGAR,AIADMK,43,,0,,,,,,https://myneta.info/TamilNadu2021/candidate.php?candidate_id=166
167,S.P.Shunmuganathan,SRIVAIKUNTAM,THOOTHUKUDI,AIADMK,66,,0,,,,,,https://myneta.info/TamilNadu2021/candidate.php?candidate_id=167
168,Kupa Krishnan,SRIRANGAM,TIRUCHIRAPPALLI,AIADMK,70,Graduate,0,,11558670,53100000,64658670,16000000,https://myneta.info/TamilNadu2021/candidate.php?candidate_id=168
169,M.Ravi,SIVAGANGA,SIVAGANGA,IND,41,5th Pass,0,,545600,66000,611200,760000,https://myneta.info/TamilNadu2021/candidate.php?candidate_id=169
170,K.P.Kandan,SHOLINGANALLUR,CHENGALPATTU,AIADMK,57,,0,,,,,,https://myneta.info/TamilNadu2021/candidate.php?candidate_id=170
171,Manickam K,SHOLAVANDAN (SC),MADURAI,AIADMK,55,Others,0,,54378749,134526440,198447330,51792122,https://myneta.info/TamilNadu2021/candidate.php?candidate_id=171
172,Ramasamy K.V,SENTHAMANGALAM(ST),NAMAKKAL,IND,62,Graduate,0,,2350000,9000000,11350000,0,https://myneta.info/TamilNadu2021/candidate.php?candidate_id=172
173,"Ravichandhran, R.K",SATTUR,VIRUDHUNAGAR,AIADMK,60,Graduate,1,"286, 304(2)",16422678,17733000,34155678,2377047,https://myneta.info/TamilNadu2021/candidate.php?candidate_id=173
174,"Rajavarman, M.S.R",SATTUR,VIRUDHUNAGAR,Amma Makkal Munnettra Kazagam,48,,0,,,,,,https://myneta.info/TamilNadu2021/candidate.php?candidate_id=174
175,Sundararajan,SANKARI,SALEM,AIADMK,49,,0,,,,,,https://myneta.info/TamilNadu2021/candidate.php?candidate_id=175
176,Mannan M P,SANKARAPURAM,KALLAKURICHI,IND,60,Post Graduate,0,,610064,2500000,3110060,0,https://myneta.info/TamilNadu2021/candidate.php?candidate_id=176
177,R Arul,SALEM WEST,SALEM,Pattali Makkal Katchi,49,Graduate,7,"147, 294b, 452, 506(ii); 171H, 188; 143, 269; 143,269; 143, 341, 269; 147, 341, 188",28204969,26100000,54304970,11867948,https://myneta.info/TamilNadu2021/candidate.php?candidate_id=177
178,M Gopi,SALEM WEST,SALEM,IND,40,Graduate,0,,321000,3,321000,0,https://myneta.info/TamilNadu2021/candidate.php?candidate_id=178
179,E.Balasubramaniyan,SALEM SOUTH,SALEM,AIADMK,60,,0,,,,,,https://myneta.info/TamilNadu2021/candidate.php?candidate_id=179
180,M.Sundar,SALEM SOUTH,SALEM,Ambedkarite Party of India,35,,0,,,,,,https://myneta.info/TamilNadu2021/candidate.php?candidate_id=180
181,Se.Venkatajalam,SALEM SOUTH,SALEM,Amma Makkal Munnettra Kazagam,65,10th Pass,2,"143, 120B, 124A, 153HC, 153PC, 500, 504, 506(2); 143, 341, 188, 171F",2500731,117400000,119900731,0,https://myneta.info/TamilNadu2021/candidate.php?candidate_id=181
182,G.Venkatachalam,SALEM NORTH,SALEM,AIADMK,57,,0,,,,,,https://myneta.info/TamilNadu2021/candidate.php?candidate_id=182
183,C Natarajan,SALEM NORTH,SALEM,Amma Makkal Munnettra Kazagam,58,Graduate Professional,1,,4877184,27200000,32077184,12714393,https://myneta.info/TamilNadu2021/candidate.php?candidate_id=183
184,R. Rajendran,SALEM NORTH,SALEM,DMK,61,Graduate Professional,16,"269, 143, 341; 269, 149, 341; 269, 143; 269, 143; 143, 341, 188; 143, 341, 188; 143, 341, 188; 143, 341, 188; 143, 341, 188; 147, 148, 341, 324, 307, 506(ii); 143, 341, 188",8063861,18000000,26063861,840000,https://myneta.info/TamilNadu2021/candidate.php?candidate_id=184
185,Jayakumar.D,ROYAPURAM,CHENNAI,AIADMK,60,Graduate Professional,0,,13307919,4595000,17902919,100000,https://myneta.info/TamilNadu2021/candidate.php?candidate_id=185
186,Seerangan P,RASIPURAM(SC),NAMAKKAL,IND,59,,0,,,,,,https://myneta.info/TamilNadu2021/candidate.php?candidate_id=186
187,Palanivel S,RASIPURAM(SC),NAMAKKAL,IND,63,,0,,,,,,https://myneta.info/TamilNadu2021/candidate.php?candidate_id=187
188,S.M.Sugumar,RANIPET,RANIPET,AIADMK,60,,0,,,,,,https://myneta.info/TamilNadu2021/candidate.php?candidate_id=188
189,R.Gandhi,RANIPET,RANIPET,DMK,75,10th Pass,3,"143, 341, 188; 143, 341, 188; 403, 406, 409, 420,",260283027,219130123,479413150,171096128,https://myneta.info/TamilNadu2021/candidate.php?candidate_id=189
190,V.Shylaja,RANIPET,RANIPET,Naam Tamilar Katchi,30,Graduate Professional,0,,2979651,2000000,4979652,123392,https://myneta.info/TamilNadu2021/candidate.php?candidate_id=190
191,R.Jesu Dhasan,RADHAPURAM,TIRUNELVELI,Naam Tamilar Katchi,40,12th Pass,1,306,738670,1391581,2055251,699500,https://myneta.info/TamilNadu2021/candidate.php?candidate_id=191
192,I.S.Inbadurai,RADHAPURAM,TIRUNELVELI,AIADMK,55,,0,,,,,,https://myneta.info/TamilNadu2021/candidate.php?candidate_id=192
193,S.Pavunraj,POOMPUHAR,NAGAPATTINAM,AIADMK,64,,0,,,,,,https://myneta.info/TamilNadu2021/candidate.php?candidate_id=193
194,P Kaliyammal,POOMPUHAR,NAGAPATTINAM,Naam Tamilar Katchi,35,Graduate,0,,1316500,3,1316500,408000,https://myneta.info/TamilNadu2021/candidate.php?candidate_id=194
196,Lavanya. L,POLUR,TIRUVANNAMALAI,Naam Tamilar Katchi,31,,0,,,,,,https://myneta.info/TamilNadu2021/candidate.php?candidate_id=196
198,Vimala,PERIYAKULAM (SC),THENI,Naam Tamilar Katchi,38,,0,,,,,,https://myneta.info/TamilNadu2021/candidate.php?candidate_id=198
199,"Thamizhselvan, R.",PERAMBALUR (SC),PERAMBALUR,AIADMK,47,,0,,,,,,https://myneta.info/TamilNadu2021/candidate.php?candidate_id=199
200,"Maheshwari, M.",PERAMBALUR (SC),PERAMBALUR,Naam Tamilar Katchi,39,Graduate,0,,771716,250000,1021716,353000,https://myneta.info/TamilNadu2021/candidate.php?candidate_id=200
201,"Prabhaharan, M.",PERAMBALUR (SC),PERAMBALUR,DMK,46,Post Graduate,6,"147, 294B, 323, 506(1); 143, 188; 341, 143, 188; 341, 143, 188; 341, 143, 188; 420",8896746,24785500,33682246,43758559,https://myneta.info/TamilNadu2021/candidate.php?candidate_id=201
202,Mani. G.K,PENNAGARAM,DHARMAPURI,Pattali Makkal Katchi,69,,8,"147, 188; 143, 188; 147, 143, 188; 147, 148, 341, 353, 32, 325, 294B, 188, 506(ii); 143, 188, 258, 149; 147, 148, 341, 323, 324, 427, 452, 506, 149; 147, 148, 341, 323, 324, 427, 452, 506(ii), 149; 147, 448, 341, 353, 355, 294B, 506(ii), 149",,,,,https://myneta.info/TamilNadu2021/candidate.php?candidate_id=202
203,"Selvam, S.D.S.",PATTUKKOTTAI,THANJAVUR,Amma Makkal Munnettra Kazagam,49,Graduate Professional,0,,2267000,27172000,29439000,25500000,https://myneta.info/TamilNadu2021/candidate.php?candidate_id=203
204,Palaniyappan.R,PAPPIREDDIPATTI,DHARMAPURI,IND,43,8th Pass,0,,686363,3,686363,400000,https://myneta.info/TamilNadu2021/candidate.php?candidate_id=204
205,Govindasamy.A,PAPPIREDDIPATTI,DHARMAPURI,AIADMK,49,12th Pass,0,,8419201,18980000,28479202,2284821,https://myneta.info/TamilNadu2021/candidate.php?candidate_id=205
206,"Rengasamy, M.",PAPANASAM,THANJAVUR,Amma Makkal Munnettra Kazagam,64,,2,"143, 188, 269, 270; 153, 143, 188, 505(1)b",,,,,https://myneta.info/TamilNadu2021/candidate.php?candidate_id=206
208,Rajendran,PALLAVARAM,CHENGALPATTU,AIADMK,60,Graduate Professional,0,,19608532,148672439,168283974,7886925,https://myneta.info/TamilNadu2021/candidate.php?candidate_id=208
209,Karunanithi,PALLAVARAM,CHENGALPATTU,DMK,62,10th Pass,12,"143, 269; 143, 188, 269; 147, 148, 436; 143, 188, 269; 143, 188, 269; 143, 188; 143, 269; 143, 188, 269; 143, 188; 143, 269; 143, 188; 143, 188",7008315,3000000,10008315,2019280,https://myneta.info/TamilNadu2021/candidate.php?candidate_id=209
210,Senthil Kumar,PALLAVARAM,CHENGALPATTU,Makkal Needhi Maiam,43,,1,,,,,,https://myneta.info/TamilNadu2021/candidate.php?candidate_id=210
211,Gerald .G,PALAYAMKOTTAI,TIRUNELVELI,AIADMK,42,Graduate Professional,5,"188, 269; 188, 269; 188, 269; 147, 341, 294B, 506(1); 143, 147, 188",7314118,20600000,27914118,608187,https://myneta.info/TamilNadu2021/candidate.php?candidate_id=211
212,Ravi Manoharan K,PALANI,DINDIGUL,AIADMK,52,Others,0,,59344615,448750000,508094616,81075728,https://myneta.info/TamilNadu2021/candidate.php?candidate_id=212
213,Senthil Kumar I.P,PALANI,DINDIGUL,DMK,42,,14,"143, 269; 143, 269; 143, 269, 341; 143, 269; 143, 283, 341; 143, 283, 341; 143, 188; 145, 188, 341; 143, 188, 341; 143, 188; 143, 188; 147, 148, 323, 506(2); 147, 341, 188; 109",,,,,https://myneta.info/TamilNadu2021/candidate.php?candidate_id=213
214,Anbalagan.K.P.,PALACODE,DHARMAPURI,AIADMK,62,12th Pass,0,,138642643,48000000,188304297,183870293,https://myneta.info/TamilNadu2021/candidate.php?candidate_id=214
216,"Mano Thangaraj, T.",PADMANABHAPURAM,KANNIYAKUMARI,DMK,53,,29,"147, 143, 188; 143, 188; 143, 188; 143, 188; 500; 143, 188; 143, 188; 143, 188; 147, 294B,
323, 341, 506(ii); 147, 294B, 323, 353, 506(i); 143, 188; 491, 500; 294B, 323; 143, 188; 143, 188; 143, 188; 143, 188; 143, 188, 341; 143, 505(ii); 143, 341; 143, 269; 143, 2691; 147, 145B, 146",,,,,https://myneta.info/TamilNadu2021/candidate.php?candidate_id=216
217,Mohan P,OTTAPIDARAM (SC),THOOTHUKUDI,AIADMK,45,,0,,,,,,https://myneta.info/TamilNadu2021/candidate.php?candidate_id=217
218,Maharajan A,OTTAPIDARAM (SC),THOOTHUKUDI,Bahujan Dravida Party,31,Others,0,,573000,3,573000,0,https://myneta.info/TamilNadu2021/candidate.php?candidate_id=218
219,Murugan P,OTTAPIDARAM (SC),THOOTHUKUDI,Naam Indiar Party,41,8th Pass,0,,980000,3,980000,0,https://myneta.info/TamilNadu2021/candidate.php?candidate_id=219
220,K.K.Madheswaran,OMALUR,SALEM,Amma Makkal Munnettra Kazagam,62,,2,,,,,,https://myneta.info/TamilNadu2021/candidate.php?candidate_id=220
222,Sakkarapani R,ODDANCHATRAM,DINDIGUL,DMK,59,Graduate,6,"145, 188, 341; 143, 341, 283; 143, 269; 143, 341, 269; 143, 188; 341, 143, 269",26624326,68241361,94867797,71543943,https://myneta.info/TamilNadu2021/candidate.php?candidate_id=222
223,G.Vasanthadevi,NILAKKOTTAI (SC),DINDIGUL,Naam Tamilar Katchi,34,Graduate Professional,0,,4075300,100000,4174300,1479455,https://myneta.info/TamilNadu2021/candidate.php?candidate_id=223
225,M.A.Andi Ambalam,NATHAM,DINDIGUL,DMK,64,,4,"143, 269; 143, 188; 143, 188; 143, 145, 341, 188, 285",,,,,https://myneta.info/TamilNadu2021/candidate.php?candidate_id=225
226,Jeyapaul R,NATHAM,DINDIGUL,IND,42,Literate,1,"341, 324, 323, 506(II)",91000,100000,191000,0,https://myneta.info/TamilNadu2021/candidate.php?candidate_id=226
227,Doctor.V.Sivasankaran,NATHAM,DINDIGUL,Naam Tamilar Katchi,35,,6,"143, 269, 294b, 323, 324; 147, 148, 188, 341, 506(1); 147, 188, 341",,,,,https://myneta.info/TamilNadu2021/candidate.php?candidate_id=227
228,Kamaraj R,NANNILAM,THIRUVARUR,AIADMK,60,Post Graduate,1,"448, 183, 186, 189",17394457,13912310,31306770,0,https://myneta.info/TamilNadu2021/candidate.php?candidate_id=228
229,Ganesaraja,NANGUNERI,TIRUNELVELI,AIADMK,59,10th Pass,30,"188, 269; 188, 269; 188, 269; 188, 269; 143, 188, 269; 188, 269; 147, 341, 294b, 506(i)",18998861,80492000,99490861,19017058,https://myneta.info/TamilNadu2021/candidate.php?candidate_id=229
230,Gnana Balaji,NANGUNERI,TIRUNELVELI,IND,33,,9,"147, 341, 324, 506(ii), 447, 294b, 341, 323, 435",,,,,https://myneta.info/TamilNadu2021/candidate.php?candidate_id=230
232,Baskar K.P.P.,NAMAKKAL,NAMAKKAL,AIADMK,51,,0,,,,,,https://myneta.info/TamilNadu2021/candidate.php?candidate_id=232
233,Kanakaraj K,NAMAKKAL,NAMAKKAL,Ganasangam Party of India,49,Graduate Professional,0,,671780,1500000,2171780,0,https://myneta.info/TamilNadu2021/candidate.php?candidate_id=233
234,Ramasamy P,NAMAKKAL,NAMAKKAL,BSP,56,,0,,,,,,https://myneta.info/TamilNadu2021/candidate.php?candidate_id=234
236,V. Vijaya Krishna,MYLAPORE,CHENNAI,IND,42,Post Graduate,0,,193764,3,193764,52594,https://myneta.info/TamilNadu2021/candidate.php?candidate_id=236
237,Balaji,MYLAPORE,CHENNAI,BSP,40,12th Pass,0,,830000,3,785000,0,https://myneta.info/TamilNadu2021/candidate.php?candidate_id=237
238,Sridevi Ilangovan,MUSIRI,TIRUCHIRAPPALLI,Naam Tamilar Katchi,45,,0,,,,,,https://myneta.info/TamilNadu2021/candidate.php?candidate_id=238
239,Dr.R.Karthikeyan,ALANDUR,KANCHEEPURAM,Naam Tamilar Katchi,33,,0,,,,,,https://myneta.info/TamilNadu2021/candidate.php?candidate_id=239
240,D.Vidangar,ALANGUDI,PUDUKKOTTAI,Amma Makkal Munnettra Kazagam,61,,0,,,,,,https://myneta.info/TamilNadu2021/candidate.php?candidate_id=240
241,Shenbaga Valli,AMBASAMUDRAM,TIRUNELVELI,Naam Tamilar Katchi,30,12th Pass,0,,917645,3200000,4117645,6000000,https://myneta.info/TamilNadu2021/candidate.php?candidate_id=241
242,M S Arumugam,AMBATTUR,THIRUVALLUR,IND,55,5th Pass,0,,103419,400000,503419,0,https://myneta.info/TamilNadu2021/candidate.php?candidate_id=242
243,Nazar Mohamed.K,AMBUR,TIRUPATHUR,AIADMK,49,Graduate,0,,6664250,29949450,36431302,0,https://myneta.info/TamilNadu2021/candidate.php?candidate_id=243
244,Maharunnisha,AMBUR,TIRUPATHUR,Naam Tamilar Katchi,38,,0,,,,,,https://myneta.info/TamilNadu2021/candidate.php?candidate_id=244
245,D.Velazhagan,ANAIKATTU,VELLORE,AIADMK,51,10th Pass,0,,23163293,12222951,44405161,0,https://myneta.info/TamilNadu2021/candidate.php?candidate_id=245
246,A.P.Nandakumar,ANAIKATTU,VELLORE,DMK,52,,10,"143, 145, 186, 283, 341, 269; 341, 143, 269; 188, 269; 143, 269; 341, 143, 269; 151, 188, 269, 270; 143, 341; 143, 341, 188; 143, 341, 188",,,,,https://myneta.info/TamilNadu2021/candidate.php?candidate_id=246
248,Jeyakumar,ANDIPATTI,THENI,Naam Tamilar Katchi,39,,0,,,,,,https://myneta.info/TamilNadu2021/candidate.php?candidate_id=248
249,A.Logirajan,ANDIPATTI,THENI,AIADMK,61,,2,"120B, 420, 409, 167, 218, 477A, 406, 109; 167, 409, 109",,,,,https://myneta.info/TamilNadu2021/candidate.php?candidate_id=249
250,S. Shankar,ANNA NAGAR,CHENNAI,Naam Tamilar Katchi,48,Graduate Professional,0,,557495,5000000,5557495,2035000,https://myneta.info/TamilNadu2021/candidate.php?candidate_id=250
251,Rajendran S,ARIYALUR,ARIYALUR,AIADMK,61,8th Pass,0,,6481932,4300000,10781933,0,https://myneta.info/TamilNadu2021/candidate.php?candidate_id=251
252,S Madheswaran,ATTUR (SC),SALEM,Amma Makkal Munnettra Kazagam,53,,0,,,,,,https://myneta.info/TamilNadu2021/candidate.php?candidate_id=252
253,Giri.M.P,CHENGAM (SC),TIRUVANNAMALAI,DMK,46,,0,,,,,,https://myneta.info/TamilNadu2021/candidate.php?candidate_id=253
254,Vennila.S,CHENGAM (SC),TIRUVANNAMALAI,Naam Tamilar Katchi,34,12th Pass,0,,904570,1350000,2254570,292523,https://myneta.info/TamilNadu2021/candidate.php?candidate_id=254
255,Nainakannu.M.S,CHENGAM (SC),TIRUVANNAMALAI,AIADMK,53,,0,,,,,,https://myneta.info/TamilNadu2021/candidate.php?candidate_id=255
256,Udhayanidhi Stalin,CHEPAUK-THIRUVALLIKENI,CHENNAI,DMK,43,Graduate,22,"153, 294B; 143, 188, 269, 270, 271; 143, 188, 271; 143, 188, 269, 270; 143, 188, 269, 270; 143, 341, 269, 270; 143, 269, 270, 341; 143, 269, 270, 341; 143, 188, 269; 143, 188, 269, 270; 143, 188, 269, 270; 143, 341, 269, 270; 143, 341, 269, 270; 143, 188, 269, 270; 143, 188, 269, 270, 341; 143, 151, 269; 143, 188, 269; 143, 341, 269; 143, 269, 270, 271; 143, 188, 269, 270; 143, 151, 283; 147, 341, 188",225338380,65439552,290777932,135000,https://myneta.info/TamilNadu2021/candidate.php?candidate_id=256
257,Ilayaraja S,CHEYYUR (SC),CHENGALPATTU,BSP,33,Doctorate,0,,859650,3,858650,300000,https://myneta.info/TamilNadu2021/candidate.php?candidate_id=257
258,Kanitha S,CHEYYUR (SC),CHENGALPATTU,AIADMK,56,,0,,,,,,https://myneta.info/TamilNadu2021/candidate.php?candidate_id=258
259,R.Avudaiappan,AMBASAMUDRAM,TIRUNELVELI,DMK,76,Graduate Professional,8,"143, 145, 151, 353, 188; 143, 188; 143, 188; 151; 143, 188; 151; 143, 341, 186; 151",5844114,25360000,31204114,0,https://myneta.info/TamilNadu2021/candidate.php?candidate_id=259
261,V Alexander,AMBATTUR,THIRUVALLUR,AIADMK,49,,0,,,,,,https://myneta.info/TamilNadu2021/candidate.php?candidate_id=261
263,Narmada Nandhakumar,AMBATTUR,THIRUVALLUR,IND,43,Post Graduate,8,"151; 151; 151; 188, 294B, 353, 307, 506 (ii), 511; 294B, 506(ii), 505; 151; 151, 181; 294B, 341",18400,50000,68400,0,https://myneta.info/TamilNadu2021/candidate.php?candidate_id=263
264,Senguttuvan.M.R,ANTHIYUR,ERODE,IND,67,10th Pass,0,,489323,100000,589323,28000,https://myneta.info/TamilNadu2021/candidate.php?candidate_id=264
265,Pattan.G,ANTHIYUR,ERODE,BSP,44,,0,,,,,,https://myneta.info/TamilNadu2021/candidate.php?candidate_id=265
266,P.Sudhakar,ARAKKONAM (SC),RANIPET,BSP,42,,0,,,,,,https://myneta.info/TamilNadu2021/candidate.php?candidate_id=266
267,S.Ravi,ARAKKONAM (SC),RANIPET,AIADMK,57,,0,,,,,,https://myneta.info/TamilNadu2021/candidate.php?candidate_id=267
268,E.Abirami,ARAKKONAM (SC),RANIPET,Naam Tamilar Katchi,27,,0,,,,,,https://myneta.info/TamilNadu2021/candidate.php?candidate_id=268
269,Charles S,AVADI,THIRUVALLUR,BSP,40,,0,,,,,,https://myneta.info/TamilNadu2021/candidate.php?candidate_id=269
270,Raman N,AVADI,THIRUVALLUR,Tamilnadu Makkal Nalvazhvu Periyakkam,51,Graduate,0,,36516,3,36516,0,https://myneta.info/TamilNadu2021/candidate.php?candidate_id=270
271,Arunmozhithevan. A,BHUVANAGIRI,CUDDALORE,AIADMK,52,Graduate Professional,0,,9066324,28068000,39466325,12022834,https://myneta.info/TamilNadu2021/candidate.php?candidate_id=271
272,Gajendran.M,CHENGALPATTU,CHENGALPATTU,AIADMK,42,Graduate,0,,34732240,44909370,79641720,56531908,https://myneta.info/TamilNadu2021/candidate.php?candidate_id=272
273,Eraniappan.S,CHENGALPATTU,CHENGALPATTU,L,60,,0,,,,,,https://myneta.info/TamilNadu2021/candidate.php?candidate_id=273
274,Sanjeevinathan.K,CHENGALPATTU,CHENGALPATTU,Naam Tamilar Katchi,40,,1,"294B, 324, 506(i)",,,,,https://myneta.info/TamilNadu2021/candidate.php?candidate_id=274
276,Dusi. K. Mohan,CHEYYAR,TIRUVANNAMALAI,AIADMK,63,,0,,,,,,https://myneta.info/TamilNadu2021/candidate.php?candidate_id=276
277,Jothi. O,CHEYYAR,TIRUVANNAMALAI,DMK,50,Graduate,3,"147, 341, 294B, 323; 188; 147, 294B, 323, 506(II)",2830173,3633400,6378573,935000,https://myneta.info/TamilNadu2021/candidate.php?candidate_id=277
279,Balendran C.B,COIMBATORE NORTH,COIMBATORE,Naam Tamilar Katchi,54,Graduate,0,,1666600,15000000,16666600,60000,https://myneta.info/TamilNadu2021/candidate.php?candidate_id=279
280,Amman K.Arjunan,COIMBATORE NORTH,COIMBATORE,AIADMK,63,,0,,,,,,https://myneta.info/TamilNadu2021/candidate.php?candidate_id=280
281,Abdul Wahab,COIMBATORE SOUTH,COIMBATORE,Naam Tamilar Katchi,44,,0,,,,,,https://myneta.info/TamilNadu2021/candidate.php?candidate_id=281
282,Vanathi Srinivasan,COIMBATORE SOUTH,COIMBATORE,BJP,50,,2,"147, 294B, 506(II); 171C, 171F, 188",,,,,https://myneta.info/TamilNadu2021/candidate.php?candidate_id=282
284,"Ramachandran, K.",COONOOR,THE NILGIRIS,DMK,69,,3,"147, 148, 448, 332; 143, 341",,,,,https://myneta.info/TamilNadu2021/candidate.php?candidate_id=284
285,N.Ramakrishnan,CUMBUM,THENI,DMK,72,Post Graduate,7,"143, 269, 283; 143, 341, 269; 143, 269, 283; 143, 269, 283; 143, 341, 283; 143, 283, 341; 143, 188",45621560,31045000,73891559,100236,https://myneta.info/TamilNadu2021/candidate.php?candidate_id=285
287,Rajendran.D.K.,DHARMAPURI,DHARMAPURI,Amma Makkal Munnettra Kazagam,63,,4,"341; 143, 188; 188, 147, 341",,,,,https://myneta.info/TamilNadu2021/candidate.php?candidate_id=287
288,Raajesh.R.S.,DR.RADHAKRISHNAN NAGAR,CHENNAI,AIADMK,48,,0,,,,,,https://myneta.info/TamilNadu2021/candidate.php?candidate_id=288
289,Boothirajan.G,DR.RADHAKRISHNAN NAGAR,CHENNAI,IND,40,10th Pass,0,,1051625,8405000,9546625,0,https://myneta.info/TamilNadu2021/candidate.php?candidate_id=289
293,Paul Manoj Pandian,ALANGULAM,TENKASI,AIADMK,49,,3,"188, 269; 282, 171H; 143, 145, 151, 353, 188",,,,,https://myneta.info/TamilNadu2021/candidate.php?candidate_id=293
294,K.Sivaram,ALANGULAM,TENKASI,IND,47,5th Pass,0,,962000,605000,1635000,1050000,https://myneta.info/TamilNadu2021/candidate.php?candidate_id=294
295,Hari Nadar.A,ALANGULAM,TENKASI,IND,39,12th Pass,15,"143, 269; 143, 188, 269; 406, 420; 509, 506(2); 365, 323, 506(ii); 294b, 506(ii), 353; 143, 171c; 143, 188; 147, 148, 448, 506(ii); 143, 41; 403, 406, 420, 465, 471, 34, 120b; 34, 406, 420; 406, 420",126119403,1150000,127269403,150000,https://myneta.info/TamilNadu2021/candidate.php?candidate_id=295
296,S. Gokula Indira,ANNA NAGAR,CHENNAI,AIADMK,55,Post Graduate,0,,33349090,54551730,79916968,56132938,https://myneta.info/TamilNadu2021/candidate.php?candidate_id=296
297,M.K. Mohan,ANNA NAGAR,CHENNAI,DMK,68,,4,"147, 188; 143, 188; 143, 188, 269; 166, 167, 197, 198, 199, 200, 203, 204, 418, 420, 423, 426, 427, 447, 465, 467, 468, 471, 474, 477, 120B",,,,,https://myneta.info/TamilNadu2021/candidate.php?candidate_id=297
298,S.S.Anbalagan,ARANI,TIRUVANNAMALAI,DMK,49,Graduate,2,"147, 148, 341; 143, 188, 285",376430,145000,521430,0,https://myneta.info/TamilNadu2021/candidate.php?candidate_id=298
299,S.Ramachandran,ARANI,TIRUVANNAMALAI,AIADMK,63,12th Pass,0,,80595553,77441023,148950984,36512262,https://myneta.info/TamilNadu2021/candidate.php?candidate_id=299
300,S.Thanigaivel,ARANI,TIRUVANNAMALAI,Veerath Thiyagi Viswanathadoss Thozhilalarkal Katchi,56,8th Pass,0,,236000,300000,536000,0,https://myneta.info/TamilNadu2021/candidate.php?candidate_id=300
301,D.Prakalatha,ARANI,TIRUVANNAMALAI,Naam Tamilar Katchi,31,Post Graduate,1,"147, 188",1840000,400000,2230000,702000,https://myneta.info/TamilNadu2021/candidate.php?candidate_id=301
302,Elavazagan.K.L,ARCOT,RANIPET,Pattali Makkal Katchi,52,10th Pass,0,,4738544,6400000,11018544,6077087,https://myneta.info/TamilNadu2021/candidate.php?candidate_id=302
303,T.D.Shanmugam,ARCOT,RANIPET,IND,63,Graduate,0,,2800000,7500000,10100000,0,https://myneta.info/TamilNadu2021/candidate.php?candidate_id=303
304,Durai.Manivel,ARIYALUR,ARIYALUR,Amma Makkal Munnettra Kazagam,61,,1,"143, 290",,,,,https://myneta.info/TamilNadu2021/candidate.php?candidate_id=304
305,Thanga. Shanmuga Sundaram,ARIYALUR,ARIYALUR,New Generation Peoples Party,43,Post Graduate,2,,9901537,3,5281537,0,https://myneta.info/TamilNadu2021/candidate.php?candidate_id=305
306,K.K.S.S.R.Ramachandran,ARUPPUKOTTAI,VIRUDHUNAGAR,DMK,71,8th Pass,9,"143, 188, 270; 143, 269, 270; 143, 270; 143, 188, 270; 143, 283, 188; 143, 188; 143, 188; 120B, 201, 217, 218, 302, 34",25011533,17696775,42708308,13602557,https://myneta.info/TamilNadu2021/candidate.php?candidate_id=306
308,Uma,ARUPPUKOTTAI,VIRUDHUNAGAR,Naam Tamilar Katchi,28,Graduate,0,,205608,3200000,4310000,0,https://myneta.info/TamilNadu2021/candidate.php?candidate_id=308
309,Ponmuniasamy,ARUPPUKOTTAI,VIRUDHUNAGAR,IND,39,10th Pass,1,,696000,400000,2096000,417000,https://myneta.info/TamilNadu2021/candidate.php?candidate_id=309
310,G. Chitra,YERCAUD (ST),SALEM,AIADMK,40,5th Pass,0,,8904643,8000000,16904643,550785,https://myneta.info/TamilNadu2021/candidate.php?candidate_id=310
311,Virugai V.N.Ravi,VIRUGAMPAKKAM,CHENNAI,AIADMK,58,Graduate,0,,11369240,5612310,16981550,0,https://myneta.info/TamilNadu2021/candidate.php?candidate_id=311
312,Veluchamy S,VIRUDHUNAGAR,VIRUDHUNAGAR,IND,50,10th Pass,0,,91479,3,64279,0,https://myneta.info/TamilNadu2021/candidate.php?candidate_id=312
313,Vikraman N,VIRUDHUNAGAR,VIRUDHUNAGAR,Desa Makkal Munnetrak Kazhgam,36,Post Graduate,0,,12000,3,12000,0,https://myneta.info/TamilNadu2021/candidate.php?candidate_id=313
314,Seenivasan A.R.R,VIRUDHUNAGAR,VIRUDHUNAGAR,DMK,64,12th Pass,3,"290, 341, 188; 143, 188; 143, 188, 341",8477316,1200000,9629516,232896,https://myneta.info/TamilNadu2021/candidate.php?candidate_id=314
315,Lakshmanan R,VILLUPURAM,VILLUPPURAM,DMK,49,Graduate Professional,2,"143, 147, 188, 269; 341, 269, 188, 143",35668427,162655000,197704524,22962569,https://myneta.info/TamilNadu2021/candidate.php?candidate_id=315
317,Selvam J,VILLUPURAM,VILLUPPURAM,Naam Tamilar Katchi,51,10th Pass,1,"143, 341, 347",208000,500000,708000,0,https://myneta.info/TamilNadu2021/candidate.php?candidate_id=317
319,Shanmugam C Ve,VILLUPURAM,VILLUPPURAM,AIADMK,56,Graduate Professional,0,,10970205,22785000,33755205,3500000,https://myneta.info/TamilNadu2021/candidate.php?candidate_id=319
320,L.Govindaraj,VILLIVAKKAM,CHENNAI,Nam India Naam Indiyar Katchi,40,Graduate Professional,0,,5845000,3,5845000,5300000,https://myneta.info/TamilNadu2021/candidate.php?candidate_id=320
321,A.Palanivel,VILLIVAKKAM,CHENNAI,BSP,48,5th Pass,0,,180000,3,180000,0,https://myneta.info/TamilNadu2021/candidate.php?candidate_id=321
322,J.C.D.Prabhakar,VILLIVAKKAM,CHENNAI,AIADMK,68,Graduate Professional,0,,12549839,128923500,141333339,145000,https://myneta.info/TamilNadu2021/candidate.php?candidate_id=322
323,R.Sridar,VILLIVAKKAM,CHENNAI,Naam Tamilar Katchi,49,,0,,,,,,https://myneta.info/TamilNadu2021/candidate.php?candidate_id=323
326,Arumugam C,VIKRAVANDI,VILLUPPURAM,BSP,60,Literate,0,,315100,3,315100,0,https://myneta.info/TamilNadu2021/candidate.php?candidate_id=326
327,Pugazhenthi N,VIKRAVANDI,VILLUPPURAM,DMK,66,8th Pass,4,"143, 147, 188, 269; 143, 147, 269; 143, 147, 270, 341; 143, 188, 269, 270",2547805,2663000,5210805,2702662,https://myneta.info/TamilNadu2021/candidate.php?candidate_id=327
328,Muthamilselvan R,VIKRAVANDI,VILLUPPURAM,AIADMK,56,10th Pass,0,,2630462,4957000,7587462,770400,https://myneta.info/TamilNadu2021/candidate.php?candidate_id=328
330,Gayathri J,VIKRAVANDI,VILLUPPURAM,IND,32,Post Graduate,0,,696000,2300000,2996000,773000,https://myneta.info/TamilNadu2021/candidate.php?candidate_id=330
331,Sheeba Ashmi R,VIKRAVANDI,VILLUPPURAM,Naam Tamilar Katchi,39,Graduate,0,,11500,3,467000,0,https://myneta.info/TamilNadu2021/candidate.php?candidate_id=331
332,Abdul Azeez Amanullah,VEPPANAHALLI,KRISHNAGIRI,IND,58,12th Pass,0,,15234848,175000000,190019848,21322310,https://myneta.info/TamilNadu2021/candidate.php?candidate_id=332
333,M.Sakthivel,VEPPANAHALLI,KRISHNAGIRI,Naam Tamilar Katchi,46,Post Graduate,0,,500000,15400000,15900000,0,https://myneta.info/TamilNadu2021/candidate.php?candidate_id=333
334,V.Sivaraman,VELACHERY,CHENNAI,IND,69,Graduate,0,,8090000,16000000,24090000,0,https://myneta.info/TamilNadu2021/candidate.php?candidate_id=334
335,M.K.Ashok,VELACHERY,CHENNAI,AIADMK,49,Graduate,0,,30639587,53420000,84059587,7452313,https://myneta.info/TamilNadu2021/candidate.php?candidate_id=335
336,M.Keerthana,VELACHERY,CHENNAI,Naam Tamilar Katchi,28,Graduate Professional,0,,1488884,3000000,4488884,0,https://myneta.info/TamilNadu2021/candidate.php?candidate_id=336
337,C.Velu,VELACHERY,CHENNAI,BSP,31,12th Pass,0,,190000,3,190000,0,https://myneta.info/TamilNadu2021/candidate.php?candidate_id=337
339,K.Rajendran,VEDHARANYAM,NAGAPATTINAM,Naam Tamilar Katchi,46,Others,1,"143, 341",4205694,3800000,8005694,2412460,https://myneta.info/TamilNadu2021/candidate.php?candidate_id=339
340,A.J.Devendhiran,VANIYAMBADI,TIRUPATHUR,Naam Tamilar Katchi,47,Graduate Professional,0,,2148092,3,2148092,1330000,https://myneta.info/TamilNadu2021/candidate.php?candidate_id=340
341,Jothi,YERCAUD (ST),SALEM,Naam Tamilar Katchi,26,Post Graduate,0,,18966,200000,218966,451000,https://myneta.info/TamilNadu2021/candidate.php?candidate_id=341
342,N. Amutha,VRIDHACHALAM,CUDDALORE,Naam Tamilar Katchi,52,Graduate,1,"124A, 143, 153A, 188",1029527,500000,1529528,220000,https://myneta.info/TamilNadu2021/candidate.php?candidate_id=342
343,S.R.Dinesh Kumar,VIRUGAMPAKKAM,CHENNAI,Anna MGR Dravida Makkal Kalgam,34,Illiterate,0,,5000,3,5000,0,https://myneta.info/TamilNadu2021/candidate.php?candidate_id=343
344,C.Raghul,VILLIVAKKAM,CHENNAI,IND,29,10th Pass,0,,48000,3,233000,0,https://myneta.info/TamilNadu2021/candidate.php?candidate_id=344
345,B.Valarmathi,ALANDUR,KANCHEEPURAM,AIADMK,62,10th Pass,0,,18237735,51375580,69613315,0,https://myneta.info/TamilNadu2021/candidate.php?candidate_id=345
347,M.Chinnadurai,ALANGUDI,PUDUKKOTTAI,BSP,51,12th Pass,0,,135500,3,135000,0,https://myneta.info/TamilNadu2021/candidate.php?candidate_id=347
348,M.Sangeetha Esak,ALANGULAM,TENKASI,Naam Tamilar Katchi,36,10th Pass,0,,1259550,3733000,4992550,390000,https://myneta.info/TamilNadu2021/candidate.php?candidate_id=348
349,E.Subaya,AMBASAMUDRAM,TIRUNELVELI,AIADMK,56,Doctorate,0,,68614592,2399005936,2467620574,51665497,https://myneta.info/TamilNadu2021/candidate.php?candidate_id=349
350,K Bharathi,AMBATTUR,THIRUVALLUR,IND,40,Post Graduate,3,"143; 341, 323, 506(2); 294B, 353, 506(1)",1585799,1600000,3185819,0,https://myneta.info/TamilNadu2021/candidate.php?candidate_id=350
351,R Radha,AMBATTUR,THIRUVALLUR,NCP,52,10th Pass,0,,805000,1600000,3340000,1500000,https://myneta.info/TamilNadu2021/candidate.php?candidate_id=351
352,Vilwanathan.A.C,AMBUR,TIRUPATHUR,DMK,61,,0,,,,,,https://myneta.info/TamilNadu2021/candidate.php?candidate_id=352
353,M.Divakar,ANDIPATTI,THENI,IND,27,Others,0,,70100,3,70100,0,https://myneta.info/TamilNadu2021/candidate.php?candidate_id=353
355,P.Panivuraja,ANDIPATTI,THENI,IND,34,10th Pass,0,,51000,3,351000,0,https://myneta.info/TamilNadu2021/candidate.php?candidate_id=355
356,M.Raghunathan,ANDIPATTI,THENI,IND,35,Graduate Professional,0,,45115,3,345115,0,https://myneta.info/TamilNadu2021/candidate.php?candidate_id=356
357,Geetha.M,ANTHIYUR,ERODE,IND,47,Graduate Professional,0,,1770000,1050496,2820496,0,https://myneta.info/TamilNadu2021/candidate.php?candidate_id=357
358,S.Murali,ARANI,TIRUVANNAMALAI,IND,33,Doctorate,1,"294B, 506(1)",333942,6845000,7176072,937000,https://myneta.info/TamilNadu2021/candidate.php?candidate_id=358
359,A.Arunkumar,ARANI,TIRUVANNAMALAI,IND,49,10th Pass,0,,661544,2000000,3112544,1327896,https://myneta.info/TamilNadu2021/candidate.php?candidate_id=359
360,Anitha Parveen. M,ARAVAKURICHI,KARUR,Naam Tamilar Katchi,38,,0,,,,,,https://myneta.info/TamilNadu2021/candidate.php?candidate_id=360
361,R.Kathiravan,ARCOT,RANIPET,Naam Tamilar Katchi,29,12th Pass,0,,172941,3,172941,0,https://myneta.info/TamilNadu2021/candidate.php?candidate_id=361
362,Suguna Kumar,ARIYALUR,ARIYALUR,Naam Tamilar Katchi,34,10th Pass,0,,1498500,1738000,3236500,0,https://myneta.info/TamilNadu2021/candidate.php?candidate_id=362
363,M Muthumariappan,ARUPPUKOTTAI,VIRUDHUNAGAR,IND,67,8th Pass,0,,12000,300000,394000,0,https://myneta.info/TamilNadu2021/candidate.php?candidate_id=363
364,Vaigaichelvan,ARUPPUKOTTAI,VIRUDHUNAGAR,AIADMK,52,Doctorate,0,,9017990,30700000,39717990,10411480,https://myneta.info/TamilNadu2021/candidate.php?candidate_id=364
365,Periyasamy I,ATHOOR,DINDIGUL,DMK,67,Graduate,12,"143, 269; 143, 341, 283; 143, 188; 143, 188, 341; 143, 188, 341; 189, 290, 504, 505(1)(b); 143, 188; 120B, 447, 379, 420, 434, 304, 109, 104, 511; 120B, 420, 109; 120B, 420, 109; 109; 109",24948170,52130512,76394882,14115522,https://myneta.info/TamilNadu2021/candidate.php?candidate_id=365
366,Pandiarajan K,AVADI,THIRUVALLUR,AIADMK,61,Post Graduate,2,171F; 171F,63033930,116440800,178834730,55123767,https://myneta.info/TamilNadu2021/candidate.php?candidate_id=366
367,Nasar S M,AVADI,THIRUVALLUR,DMK,61,10th Pass,29,"143, 188, 269; 143, 188, 269; 143, 188, 269; 143, 188, 269; 143, 188, 269; 143, 188, 269; 143, 188, 269; 143, 188, 269; 143, 188; 143, 188; 143, 188; 143, 188; 143, 188, 269; 143, 188, 269; 143, 188, 269; 143, 188, 269; 143, 188, 269; 143, 188, 269; 186, 269; 499, 500; 499, 500; 143, 188; 143, 188; 143, 188; 143, 188; 143, 188; 143, 188; 143, 188; 294B, 506(ii)",12842951,100514928,113357880,0,https://myneta.info/TamilNadu2021/candidate.php?candidate_id=367
368,Vijayalakshmi G,AVADI,THIRUVALLUR,Naam Tamilar Katchi,35,Graduate,0,,571000,3,571000,1104225,https://myneta.info/TamilNadu2021/candidate.php?candidate_id=368
369,Durairaj.K.P,BHAVANI,ERODE,DMK,53,12th Pass,2,"266, 271; 266, 271",21286637,85505000,96853302,9895660,https://myneta.info/TamilNadu2021/candidate.php?candidate_id=369
370,Perumal.V.M,BHAVANI,ERODE,IND,67,5th Pass,0,,335000,3,335000,0,https://myneta.info/TamilNadu2021/candidate.php?candidate_id=370
371,Karuppanan.K.C,BHAVANI,ERODE,AIADMK,64,10th Pass,0,,11567459,170303320,181870779,3763785,https://myneta.info/TamilNadu2021/candidate.php?candidate_id=371
372,Abdul Kadher.A,BHAVANI,ERODE,IND,38,12th Pass,0,,30000,3,30000,0,https://myneta.info/TamilNadu2021/candidate.php?candidate_id=372
373,Stanley.G,BHAVANI,ERODE,IND,47,10th Pass,0,,70000,3,70000,0,https://myneta.info/TamilNadu2021/candidate.php?candidate_id=373
374,Anandan. S,BHUVANAGIRI,CUDDALORE,IND,43,12th Pass,0,,1143,3,1143,0,https://myneta.info/TamilNadu2021/candidate.php?candidate_id=374
375,Balamurugan. K.S.K,BHUVANAGIRI,CUDDALORE,Amma Makkal Munnettra Kazagam,39,Others,2,"147, 294b, 323, 324, 506(2), 109; 143, 188, 341, 285",53481222,47540000,100241240,10981716,https://myneta.info/TamilNadu2021/candidate.php?candidate_id=375
376,Ezhilvendhan. R,BHUVANAGIRI,CUDDALORE,BSP,31,Post Graduate,0,,475000,3,475000,0,https://myneta.info/TamilNadu2021/candidate.php?candidate_id=376
378,Tabrez,CHEPAUK-THIRUVALLIKENI,CHENNAI,Tipu Sultan Party,39,8th Pass,0,,922000,3,922000,0,https://myneta.info/TamilNadu2021/candidate.php?candidate_id=378
379,M. Nanthinidevi,CHIDAMBARAM,CUDDALORE,Amma Makkal Munnettra Kazagam,39,Graduate Professional,0,,2258821,10000000,12258821,5864895,https://myneta.info/TamilNadu2021/candidate.php?candidate_id=379
380,Kumareasan. K,COIMBATORE SOUTH,COIMBATORE,IND,38,10th Pass,0,,1420517,3,1420517,0,https://myneta.info/TamilNadu2021/candidate.php?candidate_id=380
381,Antony Aslin J,COLACHAL,KANNIYAKUMARI,Naam Tamilar Katchi,39,Graduate,0,,1033109,3,1033109,75000,https://myneta.info/TamilNadu2021/candidate.php?candidate_id=381
382,Ramasamy.T.,DHARMAPURI,DHARMAPURI,My India Party,64,5th Pass,0,,50000,400000,450000,0,https://myneta.info/TamilNadu2021/candidate.php?candidate_id=382
383,Rahamathulla.M,DINDIGUL,DINDIGUL,IND,36,8th Pass,0,,7000,3,7000,0,https://myneta.info/TamilNadu2021/candidate.php?candidate_id=383
384,Hari Prakash.M,DINDIGUL,DINDIGUL,IND,25,Others,0,,113680,3,97680,0,https://myneta.info/TamilNadu2021/candidate.php?candidate_id=384
385,Baskaran Chellappa.J,DINDIGUL,DINDIGUL,IND,56,8th Pass,0,,215500,3,215500,150000,https://myneta.info/TamilNadu2021/candidate.php?candidate_id=385
386,Vijayan.P,DR.RADHAKRISHNAN NAGAR,CHENNAI,BSP,35,Graduate Professional,0,,296000,3,296000,0,https://myneta.info/TamilNadu2021/candidate.php?candidate_id=386
388,Gunasekaran.G,DR.RADHAKRISHNAN NAGAR,CHENNAI,IND,65,Post Graduate,0,,1221100,3,1221100,0,https://myneta.info/TamilNadu2021/candidate.php?candidate_id=388
389,Devakumar.R,DR.RADHAKRISHNAN NAGAR,CHENNAI,IND,31,Graduate Professional,0,,1041000,3,1041000,0,https://myneta.info/TamilNadu2021/candidate.php?candidate_id=389
391,Vivek.C,DR.RADHAKRISHNAN NAGAR,CHENNAI,IND,38,12th Pass,0,,609258,3,609258,0,https://myneta.info/TamilNadu2021/candidate.php?candidate_id=391
393,Premkumar.P,DR.RADHAKRISHNAN NAGAR,CHENNAI,IND,42,Post Graduate,0,,658696,3,658696,0,https://myneta.info/TamilNadu2021/candidate.php?candidate_id=393
394,Daniel Sachin Mani.E,DR.RADHAKRISHNAN NAGAR,CHENNAI,IND,38,Graduate,0,,1477000,3,1477000,0,https://myneta.info/TamilNadu2021/candidate.php?candidate_id=394
395,Franklin.D,DR.RADHAKRISHNAN NAGAR,CHENNAI,IND,42,Post Graduate,0,,673193,3,673193,0,https://myneta.info/TamilNadu2021/candidate.php?candidate_id=395
396,Balasubramaniam J,EDAPPADI,SALEM,IND,49,10th Pass,0,,134402,3,134402,0,https://myneta.info/TamilNadu2021/candidate.php?candidate_id=396
397,G.Sheeja,EGMORE (SC),CHENNAI,Nam India Naam Indiyar Katchi,39,Graduate Professional,0,,5835500,3,5435500,5300000,https://myneta.info/TamilNadu2021/candidate.php?candidate_id=397
398,B.John Pandian,EGMORE (SC),CHENNAI,AIADMK,65,Post Graduate,2,"153A, 505(1)(c); 143, 189",107931076,13930450,117386865,1018469,https://myneta.info/TamilNadu2021/candidate.php?candidate_id=398
399,"Meenakshi,V.",ERODE EAST,ERODE,IND,40,Graduate Professional,0,,652000,3,652000,130000,https://myneta.info/TamilNadu2021/candidate.php?candidate_id=399
401,Arumuga Ac Kannan,ERODE EAST,ERODE,Ambedkarite Party of India,57,5th Pass,0,,626500,1000000,1626500,0,https://myneta.info/TamilNadu2021/candidate.php?candidate_id=401
402,"Gomathi,S.",ERODE EAST,ERODE,Naam Tamilar Katchi,32,10th Pass,0,,257900,3,257900,50000,https://myneta.info/TamilNadu2021/candidate.php?candidate_id=402
403,"Yuvaraja,M.",ERODE EAST,ERODE,AIADMK,40,Graduate Professional,1,"341, 143, 188",32768642,3500000,36268646,12065001,https://myneta.info/TamilNadu2021/candidate.php?candidate_id=403
404,Dhanalakshmi A,ERODE WEST,ERODE,BSP,65,Illiterate,0,,30500,3,30500,0,https://myneta.info/TamilNadu2021/candidate.php?candidate_id=404
405,Chandran M,ERODE WEST,ERODE,Ambedkarite Party of India,32,8th Pass,0,,200000,3,200000,0,https://myneta.info/TamilNadu2021/candidate.php?candidate_id=405
406,Ramalingam K V,ERODE WEST,ERODE,AIADMK,64,Graduate,0,,22933146,36750000,59186146,1906626,https://myneta.info/TamilNadu2021/candidate.php?candidate_id=406
407,M.Ramila,GANDARVAKOTTAI (SC),PUDUKKOTTAI,Naam Tamilar Katchi,30,8th Pass,0,,70000,3,370000,0,https://myneta.info/TamilNadu2021/candidate.php?candidate_id=407
408,A.Pandian,GANGAVALLI (SC),SALEM,Amma Makkal Munnettra Kazagam,58,10th Pass,1,"147, 148, 294B, 324, 323, 307",1103077,100000,1203077,0,https://myneta.info/TamilNadu2021/candidate.php?candidate_id=408
409,A.Nallathambi,GANGAVALLI (SC),SALEM,AIADMK,56,5th Pass,0,,2921971,4250000,5631971,1753938,https://myneta.info/TamilNadu2021/candidate.php?candidate_id=409
412,Rajendiran P,GINGEE,VILLUPPURAM,Pattali Makkal Katchi,65,12th Pass,2,"147, 148, 294b, 307, 352, 452, 506(ii); 147, 294b, 353, 506(i)",472100,3155000,3627100,0,https://myneta.info/TamilNadu2021/candidate.php?candidate_id=412
413,Masthan K S,GINGEE,VILLUPPURAM,DMK,65,8th Pass,29,"143, 341; 143, 341; 143, 341; 143, 341; 143, 341; 143, 147, 269, 270; 143, 151; 143, 188, 341; 143, 188, 341; 143, 188, 341; 143, 151; 143, 151; 143, 188; 143, 269, 270, 278; 143, 341; 143, 188, 341; 143, 341; 143, 188, 341; 143, 188, 341; 143, 188, 341; 143, 188, 341; 143, 188, 285; 143, 188, 341; 143, 188, 341; 143, 188, 341; 143, 188; 143, 188; 143, 188, 341; 147, 148, 294B, 506(1)",7196717,22105325,29300042,660000,https://myneta.info/TamilNadu2021/candidate.php?candidate_id=413
414,Kumar D,GOBICHETTIPALAYAM,ERODE,IND,38,8th Pass,0,,52000,1450000,1502000,0,https://myneta.info/TamilNadu2021/candidate.php?candidate_id=414
415,Palanisamyraaj M,GOBICHETTIPALAYAM,ERODE,IND,67,10th Pass,0,,3090562,8370500,11461062,1665354,https://myneta.info/TamilNadu2021/candidate.php?candidate_id=415
416,Sengottaiyan K.A,GOBICHETTIPALAYAM,ERODE,AIADMK,73,10th Pass,0,,67464561,56450000,123914561,9079186,https://myneta.info/TamilNadu2021/candidate.php?candidate_id=416
417,Paritha.G,GUDIYATTAM (SC),VELLORE,AIADMK,37,Post Graduate,0,,3798033,900000,4697733,0,https://myneta.info/TamilNadu2021/candidate.php?candidate_id=417
418,Kalaiyenthiri.R,GUDIYATTAM (SC),VELLORE,Naam Tamilar Katchi,31,Graduate Professional,0,,345173,3,345173,483000,https://myneta.info/TamilNadu2021/candidate.php?candidate_id=418
419,Lakshmi R,GUMMIDIPOONDI,THIRUVALLUR,IND,52,10th Pass,0,,145000,3,145000,0,https://myneta.info/TamilNadu2021/candidate.php?candidate_id=419
420,Devanathan R,GUMMIDIPOONDI,THIRUVALLUR,IND,26,Graduate Professional,0,,10000,3,10000,0,https://myneta.info/TamilNadu2021/candidate.php?candidate_id=420
421,Nagaraj S,GUMMIDIPOONDI,THIRUVALLUR,BSP,28,Graduate Professional,0,,221000,3,221000,0,https://myneta.info/TamilNadu2021/candidate.php?candidate_id=421
422,Sekarbabu. P.K,HARBOUR,CHENNAI,DMK,58,10th Pass,25,"143,188,269,290; 143, 269, 290; 143, 269, 290; 143, 269, 290; 143, 341, 290; 143, 188, 269; 385, 386, 387, 389, 395, 420, 506(ii), 34; 341, 143, 188; 143, 188, 341; 143, 290; 147, 294b, 353; 143,188; 143; 143,341,188; 143,188; 143,341,290,188; 143,188; 341,143,188; 143,341,188; 143, 188; 143,188; 143, 341; 147, 148,171(E), 323, 294(b), 324, 354, 34, 149; 147,148,353,286,307, 120B, 34, 171F; 147,148,427",10376957,10677805,21054762,2060000,https://myneta.info/TamilNadu2021/candidate.php?candidate_id=422
423,Zionraj. M,HARBOUR,CHENNAI,IND,37,5th Pass,0,,195000,3,195000,0,https://myneta.info/TamilNadu2021/candidate.php?candidate_id=423
424,Ravikumar. C,HARBOUR,CHENNAI,BSP,35,8th Pass,0,,481000,3,481000,0,https://myneta.info/TamilNadu2021/candidate.php?candidate_id=424
425,Krishnakumar. G,HARBOUR,CHENNAI,IND,35,Graduate Professional,0,,200000,3,200000,0,https://myneta.info/TamilNadu2021/candidate.php?candidate_id=425
426,Keerthana.K,HARUR (SC),DHARMAPURI,Naam Tamilar Katchi,30,Graduate Professional,0,,70500,3,70500,0,https://myneta.info/TamilNadu2021/candidate.php?candidate_id=426
428,Murugan.R,HARUR (SC),DHARMAPURI,IND,35,Graduate Professional,0,,136162,300000,436162,0,https://myneta.info/TamilNadu2021/candidate.php?candidate_id=428
429,Devappa Y,HOSUR,KRISHNAGIRI,IND,53,10th Pass,0,,375000,3000000,3375000,0,https://myneta.info/TamilNadu2021/candidate.php?candidate_id=429
430,Geetha Lakshmi S,HOSUR,KRISHNAGIRI,Naam Tamilar Katchi,31,Graduate,0,,1222000,3,1222000,0,https://myneta.info/TamilNadu2021/candidate.php?candidate_id=430
432,Prakaash Y,HOSUR,KRISHNAGIRI,DMK,56,10th Pass,0,,10152745,68500760,78553505,78673619,https://myneta.info/TamilNadu2021/candidate.php?candidate_id=432
433,Sundar L,HOSUR,KRISHNAGIRI,SHS,32,,0,,,,,,https://myneta.info/TamilNadu2021/candidate.php?candidate_id=433
434,Shanmugam R,HOSUR,KRISHNAGIRI,IND,45,Post Graduate,0,,15000,12000000,12015000,0,https://myneta.info/TamilNadu2021/candidate.php?candidate_id=434
435,Jyothi S,HOSUR,KRISHNAGIRI,AIADMK,44,Graduate Professional,0,,10212866,263496490,273409356,21254638,https://myneta.info/TamilNadu2021/candidate.php?candidate_id=435
437,Balu K,JAYANKONDAM,ARIYALUR,Pattali Makkal Katchi,50,Graduate Professional,0,,25133383,40049235,65044938,16612865,https://myneta.info/TamilNadu2021/candidate.php?candidate_id=437
438,Manithan,JOLARPET,TIRUPATHUR,IND,53,Post Graduate,0,,150000,3,150000,0,https://myneta.info/TamilNadu2021/candidate.php?candidate_id=438
439,Veeramani.K.C.,JOLARPET,TIRUPATHUR,AIADMK,56,10th Pass,0,,467402410,220743840,589448443,0,https://myneta.info/TamilNadu2021/candidate.php?candidate_id=439
440,Siva.A.,JOLARPET,TIRUPATHUR,Naam Tamilar Katchi,46,Graduate,0,,6154493,9750000,15904494,8958000,https://myneta.info/TamilNadu2021/candidate.php?candidate_id=440
441,K.A.M.Muhammed Abubacker,KADAYANALLUR,TENKASI,IUML,49,12th Pass,8,"143, 270, 283; 143, 270, 283; 143, 270; 143, 283; 143, 283; 143, 188, 342, 353; 171H, 188",4763771,15200000,19963771,0,https://myneta.info/TamilNadu2021/candidate.php?candidate_id=441
442,C.Krishnamurali,KADAYANALLUR,TENKASI,AIADMK,38,Graduate,1,"188, 269",14644336,16636500,31480837,250000,https://myneta.info/TamilNadu2021/candidate.php?candidate_id=442
443,Rajkumar.E,KALASAPAKKAM,TIRUVANNAMALAI,BSP,44,12th Pass,0,,905000,800000,1705000,0,https://myneta.info/TamilNadu2021/candidate.php?candidate_id=443
444,Amutha.G,KALASAPAKKAM,TIRUVANNAMALAI,IND,32,Graduate,0,,946580,1500000,2446580,0,https://myneta.info/TamilNadu2021/candidate.php?candidate_id=444
445,Saravanan.P.S.T,KALASAPAKKAM,TIRUVANNAMALAI,DMK,52,Post Graduate,1,"147, 148, 323, 354, 427, 506(ii)",4341590,40572000,44963590,4779749,https://myneta.info/TamilNadu2021/candidate.php?candidate_id=445
446,Panneerselvam.V,KALASAPAKKAM,TIRUVANNAMALAI,AIADMK,48,10th Pass,1,"143, 341, 294(b), 323, 506(i)",8153628,19000000,26453628,5298253,https://myneta.info/TamilNadu2021/candidate.php?candidate_id=446
447,Saravanan.K,KALASAPAKKAM,TIRUVANNAMALAI,IND,46,10th Pass,0,,85000,3,85000,0,https://myneta.info/TamilNadu2021/candidate.php?candidate_id=447
448,Balaji.E,KALASAPAKKAM,TIRUVANNAMALAI,Naam Tamilar Katchi,35,Graduate Professional,1,"147, 188, 341",134000,1500000,1864000,0,https://myneta.info/TamilNadu2021/candidate.php?candidate_id=448
449,Dravidamuthamilselvi.D,KALLAKURICHI (SC),KALLAKURICHI,Naam Tamilar Katchi,37,Post Graduate,0,,1292621,598200,1928726,0,https://myneta.info/TamilNadu2021/candidate.php?candidate_id=449
450,Senthilkumar.M,KALLAKURICHI (SC),KALLAKURICHI,AIADMK,43,12th Pass,0,,3631198,1860000,5491198,1084359,https://myneta.info/TamilNadu2021/candidate.php?candidate_id=450
453,C.V.M.P. Ezhailzrasan,KANCHEEPURAM,KANCHEEPURAM,DMK,49,Graduate Professional,5,"143, 341; 143, 145; 143, 147, 341, 353; 448, 294b, 352, 341, 353, 506(1); 147, 341, 353, 294b, 290, 506(1)",12273670,59182000,71455672,2445200,https://myneta.info/TamilNadu2021/candidate.php?candidate_id=453
454,Saminathan.M.P,KANGAYAM,TIRUPPUR,DMK,57,Graduate,3,"342, 294b, 323, 387, 420, 506(i), 120B; 143, 271, 291; 143, 188",100600652,110197000,210797652,34744513,https://myneta.info/TamilNadu2021/candidate.php?candidate_id=454
455,Manoharan.S,KANGAYAM,TIRUPPUR,Anna Puratchi Thalaivar Amma Dravida Munnetra Kazhagam,53,8th Pass,0,,174000,3,250000,0,https://myneta.info/TamilNadu2021/candidate.php?candidate_id=455
456,Rajendran.B,KANGAYAM,TIRUPPUR,IND,64,Graduate,0,,861000,1100000,1943000,0,https://myneta.info/TamilNadu2021/candidate.php?candidate_id=456
458,Vaduganathan.K.K.,KANGAYAM,TIRUPPUR,IND,54,5th Pass,0,,50292,3,50292,325000,https://myneta.info/TamilNadu2021/candidate.php?candidate_id=458
459,M.Naina Mohamed,KARAIKUDI,SIVAGANGA,IND,26,Others,0,,648324,459000,1107324,80000,https://myneta.info/TamilNadu2021/candidate.php?candidate_id=459
460,Dherpoki V Pandi,KARAIKUDI,SIVAGANGA,Amma Makkal Munnettra Kazagam,45,10th Pass,5,"143, 290; 143, 290; 143, 290; 341, 249B, 323, 506(1); 147, 448, 294b, 353, 332, 506(1)",85017442,170015700,233100582,132003498,https://myneta.info/TamilNadu2021/candidate.php?candidate_id=460
461,H.Raja,KARAIKUDI,SIVAGANGA,BJP,63,Graduate Professional,4,"143, 188, 153A, 290, 294b, 353, 505(1)(b)(c), 506(1); 294b, 353, 505(1)(a); 143, 188, 290; 143, 188, 290",7109227,28433530,35542759,6736195,https://myneta.info/TamilNadu2021/candidate.php?candidate_id=461
462,N.Durai Manickam,KARAIKUDI,SIVAGANGA,Naam Tamilar Katchi,47,12th Pass,0,,9280597,12142470,21423610,2195000,https://myneta.info/TamilNadu2021/candidate.php?candidate_id=462
463,Saravanan.R,KARUR,KARUR,IND,46,,0,,,,,,https://myneta.info/TamilNadu2021/candidate.php?candidate_id=463
464,Sudhakar.S,KARUR,KARUR,IND,40,Post Graduate,0,,70000,3,70000,0,https://myneta.info/TamilNadu2021/candidate.php?candidate_id=464
465,Muthu. K.R,KARUR,KARUR,IND,33,Graduate Professional,0,,285000,3,285000,0,https://myneta.info/TamilNadu2021/candidate.php?candidate_id=465
466,Amarsri.M,KARUR,KARUR,IND,42,Post Graduate,0,,149065,3,149065,0,https://myneta.info/TamilNadu2021/candidate.php?candidate_id=466
467,Vijayabhaskar.R.V,KARUR,KARUR,IND,56,8th Pass,0,,25000,3,25000,0,https://myneta.info/TamilNadu2021/candidate.php?candidate_id=467
468,Kalai Raj.K,KARUR,KARUR,IND,31,Graduate Professional,0,,210000,3,210000,35000,https://myneta.info/TamilNadu2021/candidate.php?candidate_id=468
469,Karunamoorthy.S,KARUR,KARUR,IND,31,Graduate Professional,0,,130000,3,130000,10000,https://myneta.info/TamilNadu2021/candidate.php?candidate_id=469
470,Duraisamy.J,KARUR,KARUR,IND,37,Graduate Professional,0,,35000,3,35000,0,https://myneta.info/TamilNadu2021/candidate.php?candidate_id=470
471,Jayakumar.G,KARUR,KARUR,IND,28,Graduate Professional,0,,120000,3,120000,0,https://myneta.info/TamilNadu2021/candidate.php?candidate_id=471
472,Prakash.A,KARUR,KARUR,IND,29,Graduate Professional,0,,60000,3,60000,0,https://myneta.info/TamilNadu2021/candidate.php?candidate_id=472
473,Vijayabhaskar. M.R,KARUR,KARUR,AIADMK,55,10th Pass,5,"147, 148, 447, 448, 427, 506(i); 147, 148, 294b, 323, 324, 506(ii); 143, 147, 148, 149, 353, 307",93210023,7864184,101074207,13461006,https://myneta.info/TamilNadu2021/candidate.php?candidate_id=473
474,Mohan.M.L.M,KARUR,KARUR,IND,67,Graduate Professional,0,,215155,3,215155,640000,https://myneta.info/TamilNadu2021/candidate.php?candidate_id=474
475,Manikandan.K,KARUR,KARUR,IND,38,Graduate Professional,0,,827500,3,817000,0,https://myneta.info/TamilNadu2021/candidate.php?candidate_id=475
476,Vigneshwaran.P,KARUR,KARUR,IND,28,Graduate Professional,2,"147, 294B, 323, 324, 336, 506(ii); 143, 270, 341",55000,3,55000,0,https://myneta.info/TamilNadu2021/candidate.php?candidate_id=476
477,Thirugnanam.M,KARUR,KARUR,IND,26,Graduate Professional,1,"143, 270, 341",55000,3,55000,0,https://myneta.info/TamilNadu2021/candidate.php?candidate_id=477
478,Palanivel.P,KARUR,KARUR,IND,40,Graduate Professional,0,,35000,3,35000,0,https://myneta.info/TamilNadu2021/candidate.php?candidate_id=478
479,Kannan.T,KARUR,KARUR,IND,31,Graduate Professional,0,,285000,3,285000,256320,https://myneta.info/TamilNadu2021/candidate.php?candidate_id=479
480,Manivannan.S,KARUR,KARUR,IND,49,Graduate Professional,0,,520000,3,520000,0,https://myneta.info/TamilNadu2021/candidate.php?candidate_id=480
481,Muruganantham.T,KARUR,KARUR,IND,28,Graduate,0,,85000,3,85000,0,https://myneta.info/TamilNadu2021/candidate.php?candidate_id=481
482,Subash Malayalam.T,KARUR,KARUR,IND,25,Graduate Professional,1,"143, 270, 341",215000,3,215000,0,https://myneta.info/TamilNadu2021/candidate.php?candidate_id=482
483,Sivakumar.V,KARUR,KARUR,IND,40,Graduate Professional,0,,487755,2900000,3387755,244000,https://myneta.info/TamilNadu2021/candidate.php?candidate_id=483
484,Ravi.P,KARUR,KARUR,IND,55,12th Pass,2,"143, 188; 406, 506(1), 37",4307256,34300000,38607256,2337000,https://myneta.info/TamilNadu2021/candidate.php?candidate_id=484
485,Senthilbalaji V,KARUR,KARUR,DMK,45,Graduate,30,"341, 353; 143, 269; 143, 270; 143, 270; 143, 270; 143, 270; 143, 341, 269; 143, 341, 269; 143, 270; 188, 269; 143, 269; 143, 270; 143, 109, 153, 353, 506(2); 143, 341; 143, 447, 353, 506(1); 353, 506(1); 143, 341; 147, 148, 294(b), 323, 324, 506(2), 109; 406, 409, 420, 506(1), 34; 406, 420, 506(1); 143, 188; 406, 419, 420, 34; 143, 147, 148, 149, 353, 307; 143, 270; 143, 270; 143, 270; 143, 269; 143, 270; 143, 341, 269; 143, 341, 269",18270166,11000000,29270169,905000,https://myneta.info/TamilNadu2021/candidate.php?candidate_id=485
486,Duraimurugan,KATPADI,VELLORE,DMK,83,Post Graduate,6,"341, 143, 269; 143, 188; 143, 341, 188; 143, 341, 188",84916480,223175804,308092291,0,https://myneta.info/TamilNadu2021/candidate.php?candidate_id=486
487,V Ramu,KATPADI,VELLORE,AIADMK,48,Graduate Professional,1,,6957152,6800000,13757152,0,https://myneta.info/TamilNadu2021/candidate.php?candidate_id=487
488,S Thirukkumaran,KATPADI,VELLORE,Naam Tamilar Katchi,43,Post Graduate,0,,6507207,4887991,11395199,2743089,https://myneta.info/TamilNadu2021/candidate.php?candidate_id=488
489,P. Nivedha,KATTUMANNARKOIL (SC),CUDDALORE,Naam Tamilar Katchi,29,Post Graduate,0,,1019000,120000,1139000,0,https://myneta.info/TamilNadu2021/candidate.php?candidate_id=489
490,N. Murugumaran,KATTUMANNARKOIL (SC),CUDDALORE,AIADMK,50,Graduate Professional,0,,14317773,27015840,41438273,8023393,https://myneta.info/TamilNadu2021/candidate.php?candidate_id=490
491,G.Arunkumar,KAVUNDAMPALAYAM,COIMBATORE,AIADMK,59,,0,,,,,,https://myneta.info/TamilNadu2021/candidate.php?candidate_id=491
492,R.Krishnan,KAVUNDAMPALAYAM,COIMBATORE,DMK,63,5th Pass,14,"143, 269; 143, 269; 143, 270, 341; 143, 269, 341; 143, 269, 341; 143, 269; 143, 269, 341, 504, 505(1)(b); 143, 269, 341, 353; 143, 269, 341; 143, 269, 341; 271, 291; 294b, 506(1); 143, 341, 188; 147, 341, 342, 285, 353, 294b, 506(1)",4771905,88302000,95884907,3281873,https://myneta.info/TamilNadu2021/candidate.php?candidate_id=492
493,Kalamani.M,KAVUNDAMPALAYAM,COIMBATORE,Naam Tamilar Katchi,33,Graduate,0,,6603646,16800000,23364646,5195937,https://myneta.info/TamilNadu2021/candidate.php?candidate_id=493
494,Subashchandrabose,KILPENNATHUR,TIRUVANNAMALAI,BSP,39,Graduate Professional,0,,953000,2000000,2953000,300000,https://myneta.info/TamilNadu2021/candidate.php?candidate_id=494
495,A.R.Elumalai,KILPENNATHUR,TIRUVANNAMALAI,Veerath Thiyagi Viswanathadoss Thozhilalarkal Katchi,55,8th Pass,0,,70000,3,70000,0,https://myneta.info/TamilNadu2021/candidate.php?candidate_id=495
496,G.Krishnamurthy,KILPENNATHUR,TIRUVANNAMALAI,IND,49,Graduate,2,,10500,200000,210500,500000,https://myneta.info/TamilNadu2021/candidate.php?candidate_id=496
497,J.Divya Rani,KILVAITHINANKUPPAM (SC),VELLORE,Naam Tamilar Katchi,33,8th Pass,0,,555000,200000,755000,0,https://myneta.info/TamilNadu2021/candidate.php?candidate_id=497
498,Ponelavazhaki S,KILVELUR,NAGAPATTINAM,Naam Tamilar Katchi,34,Post Graduate,0,,1269149,3,1275190,499240,https://myneta.info/TamilNadu2021/candidate.php?candidate_id=498
500,L.Kathiresan,KOLATHUR,CHENNAI,IND,48,Post Graduate,0,,778032,1000000,1778032,0,https://myneta.info/TamilNadu2021/candidate.php?candidate_id=500
501,Agni Sri Ramachandran,KOLATHUR,CHENNAI,IND,40,10th Pass,0,,600000,3,600000,0,https://myneta.info/TamilNadu2021/candidate.php?candidate_id=501
502,Ashok Kumar.S,KOLATHUR,CHENNAI,New Generation Peoples Party,41,Post Graduate,0,,166941,3,156941,55000,https://myneta.info/TamilNadu2021/candidate.php?candidate_id=502
503,Al. Naresh Kumar,KOLATHUR,CHENNAI,IND,27,10th Pass,0,,220000,3,220000,165000,https://myneta.info/TamilNadu2021/candidate.php?candidate_id=503
504,M.K. Stalin,KOLATHUR,CHENNAI,DMK,68,Graduate,47,"143,188,269; 143, 269, 270, 278; 143, 269, 270; 143,151,269; 188,269; 143,188,341; 171(F),171(C),171(i); 171G, 153A, 504, 505(2), 143, 341; 171(G); 153, 171G, 505(ii); 153A; 143, 188; 143, 188; 143; 143, 188, 353, 506(i); 143,188; 147, 294b, 353; 143,188; 143,188; 143, 341,188; 143, 341,188; 143, 188; 143,188; 341, 143; 143, 188; 143, 341; 188; 188,143,149,341,283,290; 188,143,149,341,282,290; 499,500; 499,500; 499,500; 499,500; 499,500; 499,500; 499,500; 171(G); 143, 188, 363, 506(i); 499,500; 499,500; 499,500; 499, 500; 499,500; 499,500; 499,500; 499,500",52537646,36337693,88875339,0,https://myneta.info/TamilNadu2021/candidate.php?candidate_id=504
505,S.Udaiyar,KOVILPATTI,THOOTHUKUDI,Naam Indiar Party,29,10th Pass,0,,1040000,3,1040000,15000,https://myneta.info/TamilNadu2021/candidate.php?candidate_id=505
506,Ttv Dhinakaran,KOVILPATTI,THOOTHUKUDI,Amma Makkal Munnettra Kazagam,57,12th Pass,6,"500; 120(B), 201",92571989,30120325,122692317,577151877,https://myneta.info/TamilNadu2021/candidate.php?candidate_id=506
507,Kadambur Raju,KOVILPATTI,THOOTHUKUDI,AIADMK,61,12th Pass,2,"448, 183, 186, 189; 353, 506(1)",11706562,9800000,21506562,4322200,https://myneta.info/TamilNadu2021/candidate.php?candidate_id=507
508,Rajaguru. M,KRISHNARAYAPURAM (SC),KARUR,Samaniya Makkal Nala Katchi,37,Graduate,0,,193168,3,193168,0,https://myneta.info/TamilNadu2021/candidate.php?candidate_id=508
509,Seeni.Prakasu,KULITHALAI,KARUR,Naam Tamilar Katchi,47,10th Pass,1,"143, 341, 353",9498000,3,9498000,1335000,https://myneta.info/TamilNadu2021/candidate.php?candidate_id=509
510,N.R.Chandrasekar,KULITHALAI,KARUR,AIADMK,63,12th Pass,0,,7734703,19035000,26769703,0,https://myneta.info/TamilNadu2021/candidate.php?candidate_id=510
511,S.Varun,KUMARAPALAYAM,NAMAKKAL,Naam Tamilar Katchi,29,Post Graduate,0,,578000,3000000,3578000,2700000,https://myneta.info/TamilNadu2021/candidate.php?candidate_id=511
512,"Vijayakumar, C.",KUMBAKONAM,THANJAVUR,IND,68,10th Pass,0,,268705,4000000,4268705,0,https://myneta.info/TamilNadu2021/candidate.php?candidate_id=512
515,T.Velayudham,KURINJIPADI,CUDDALORE,BSP,46,8th Pass,0,,415000,3,415000,0,https://myneta.info/TamilNadu2021/candidate.php?candidate_id=515
516,M.R.K.Panneerselvam,KURINJIPADI,CUDDALORE,DMK,63,Graduate Professional,12,"109; 109; 143, 188; 341, 143, 188; 147, 290; 143, 188, 285, 341; 143, 188; 143, 188; 143, 188; 143, 188; 143, 188; 143, 188",15205794,94139696,109345490,7464058,https://myneta.info/TamilNadu2021/candidate.php?candidate_id=516
517,I.Malar Tamil Prabha,LALGUDI,TIRUCHIRAPPALLI,Naam Tamilar Katchi,28,Post Graduate,0,,624000,3,624000,144000,https://myneta.info/TamilNadu2021/candidate.php?candidate_id=517
518,U Sanuja,MADATHUKULAM,TIRUPPUR,Naam Tamilar Katchi,37,Post Graduate,0,,772451,3,769451,475000,https://myneta.info/TamilNadu2021/candidate.php?candidate_id=518
519,Shanmugavelu,MADATHUKULAM,TIRUPPUR,Amma Makkal Munnettra Kazagam,71,Post Graduate,0,,9748333,15083600,26131936,5206128,https://myneta.info/TamilNadu2021/candidate.php?candidate_id=519
520,Dhakshnamoorthy. D,MADHAVARAM,THIRUVALLUR,Amma Makkal Munnettra Kazagam,45,Graduate,0,,3339003,19500000,22839003,0,https://myneta.info/TamilNadu2021/candidate.php?candidate_id=520
521,Deepak. S,MADHAVARAM,THIRUVALLUR,BSP,31,Graduate Professional,0,,432000,3,432000,150000,https://myneta.info/TamilNadu2021/candidate.php?candidate_id=521
522,Moorthy. V,MADHAVARAM,THIRUVALLUR,AIADMK,62,Graduate,0,,6550424,44813620,51429044,1385807,https://myneta.info/TamilNadu2021/candidate.php?candidate_id=522
523,Pandiammal J,MADURAI CENTRAL,MADURAI,Naam Tamilar Katchi,38,Post Graduate,0,,209000,3,209000,0,https://myneta.info/TamilNadu2021/candidate.php?candidate_id=523
524,Latha J,MADURAI EAST,MADURAI,Naam Tamilar Katchi,47,,0,,,,,,https://myneta.info/TamilNadu2021/candidate.php?candidate_id=524
525,Mustak Mohamed.A.K,MADURAI EAST,MADURAI,Tipu Sultan Party,63,10th Pass,0,,405000,2000000,2405000,0,https://myneta.info/TamilNadu2021/candidate.php?candidate_id=525
526,Voltaire M J,MADURAI NORTH,MADURAI,C,52,Post Graduate,0,,148600,3,148600,0,https://myneta.info/TamilNadu2021/candidate.php?candidate_id=526
527,Thalapathi G,MADURAI NORTH,MADURAI,DMK,65,10th Pass,12,"143, 341, 353, 291, 505(i)(b), 109; 109, 120B, 143, 290, 341, 353; 109, 120B, 143, 290, 341, 353; 143, 291, 270; 151, 269, 283; 151, 269, 283; 143, 290, 269; 143, 841, 266, 290; 143, 188, 34; 341, 143, 188; 269, 290; 269, 290",55419625,80709499,135925170,0,https://myneta.info/TamilNadu2021/candidate.php?candidate_id=527
528,Saravanan. S.S,MADURAI SOUTH,MADURAI,AIADMK,45,Post Graduate,0,,4651297,3367300,7832612,0,https://myneta.info/TamilNadu2021/candidate.php?candidate_id=528
529,Abbas.M,MADURAI SOUTH,MADURAI,Naam Tamilar Katchi,50,5th Pass,0,,210413,50000,260413,0,https://myneta.info/TamilNadu2021/candidate.php?candidate_id=529
530,Maragatham. K,MADURANTAKAM (SC),CHENGALPATTU,AIADMK,38,Post Graduate,0,,23609491,14000000,37609491,9935511,https://myneta.info/TamilNadu2021/candidate.php?candidate_id=530
532,Ganeshkumar.G,MADHURAVOYAL,THIRUVALLUR,Naam Tamilar Katchi,35,Post Graduate,0,,14506189,7500000,22006249,3315616,https://myneta.info/TamilNadu2021/candidate.php?candidate_id=532
533,Ganapathy.K,MADHURAVOYAL,THIRUVALLUR,DMK,61,,0,,,,,,https://myneta.info/TamilNadu2021/candidate.php?candidate_id=533
534,Benjamin.P,MADHURAVOYAL,THIRUVALLUR,AIADMK,51,Graduate,0,,26139356,229618711,255758070,3567485,https://myneta.info/TamilNadu2021/candidate.php?candidate_id=534
535,Muthuraman.S,MADHURAVOYAL,THIRUVALLUR,Anna MGR Dravida Makkal Kalgam,52,Illiterate,0,,312500,3,300000,0,https://myneta.info/TamilNadu2021/candidate.php?candidate_id=535
537,Sivakumar C,MAILAM,VILLUPPURAM,Pattali Makkal Katchi,47,,0,,,,,,https://myneta.info/TamilNadu2021/candidate.php?candidate_id=537
538,V.M.Selvaraj,MANACHANALLUR,TIRUCHIRAPPALLI,IND,65,Post Graduate,0,,1600000,2000000,3600000,38000,https://myneta.info/TamilNadu2021/candidate.php?candidate_id=538
539,Dr.Krishnasamy. V,MANACHANALLUR,TIRUCHIRAPPALLI,Naam Tamilar Katchi,34,Post Graduate,0,,3655071,3315286,6970357,17252854,https://myneta.info/TamilNadu2021/candidate.php?candidate_id=539
540,M.Paranjothi,MANACHANALLUR,TIRUCHIRAPPALLI,AIADMK,60,Post Graduate,0,,7154342,10035000,16889342,0,https://myneta.info/TamilNadu2021/candidate.php?candidate_id=540
541,Nagarajan S.,MANAMADURAI (SC),SIVAGANGA,AIADMK,52,,1,"143, 285",,,,,https://myneta.info/TamilNadu2021/candidate.php?candidate_id=541
542,Shanmugapriya M.,MANAMADURAI (SC),SIVAGANGA,Naam Tamilar Katchi,28,Graduate,0,,4609000,2500000,6909000,1456473,https://myneta.info/TamilNadu2021/candidate.php?candidate_id=542
543,Krishnagopal P,MANAPPARAI,TIRUCHIRAPPALLI,DMDK,51,,1,,,,,,https://myneta.info/TamilNadu2021/candidate.php?candidate_id=543
545,Rajamanickam Siva,MANNARGUDI,THIRUVARUR,AIADMK,75,10th Pass,0,,2446364,3100000,5556364,0,https://myneta.info/TamilNadu2021/candidate.php?candidate_id=545
546,Kamaraj S,MANNARGUDI,THIRUVARUR,Amma Makkal Munnettra Kazagam,54,,4,"504, 505(1)b; 436, 109; 143, 341, 188, 171H, 286; 143, 341, 188, 171H, 286",,,,,https://myneta.info/TamilNadu2021/candidate.php?candidate_id=546
547,Periyapullan P Alias Selvam,MELUR,MADURAI,AIADMK,49,Graduate,0,,6985487,8864283,19019770,0,https://myneta.info/TamilNadu2021/candidate.php?candidate_id=547
548,Mohanram C.,MELUR,MADURAI,IND,54,12th Pass,0,,392742,310000,702752,0,https://myneta.info/TamilNadu2021/candidate.php?candidate_id=548
549,Sivasamy R.,MELUR,MADURAI,IND,42,,1,"143, 341, 188",,,,,https://myneta.info/TamilNadu2021/candidate.php?candidate_id=549
550,C.Manikandan,METTUR,SALEM,Naam Tamilar Katchi,29,10th Pass,0,,950022,996498,1946521,75000,https://myneta.info/TamilNadu2021/candidate.php?candidate_id=550
551,Vijayakumar.M,MODAKKURICHI,ERODE,IND,38,,0,,,,,,https://myneta.info/TamilNadu2021/candidate.php?candidate_id=551
552,Prakash.G,MODAKKURICHI,ERODE,Naam Tamilar Katchi,33,10th Pass,2,"147, 148, 448; 143, 188",924678,676700,1598222,226200,https://myneta.info/TamilNadu2021/candidate.php?candidate_id=552
553,Boopathi.R,MODAKKURICHI,ERODE,BSP,28,Graduate Professional,0,,157500,3,157500,0,https://myneta.info/TamilNadu2021/candidate.php?candidate_id=553
554,Gautham. S,MUSIRI,TIRUCHIRAPPALLI,Rashtriya Samaj Paksha,30,Post Graduate,0,,6237426,33300000,39537429,379391,https://myneta.info/TamilNadu2021/candidate.php?candidate_id=554
555,Mohanraj.J,MYLAPORE,CHENNAI,IND,69,,0,,,,,,https://myneta.info/TamilNadu2021/candidate.php?candidate_id=555
556,S.Augustine Arputharaj,NAGAPATTINAM,NAGAPATTINAM,Naam Tamilar Katchi,40,Others,0,,2084513,3681700,5611917,918000,https://myneta.info/TamilNadu2021/candidate.php?candidate_id=556
557,Thanka.Kathiravan,NAGAPATTINAM,NAGAPATTINAM,AIADMK,51,Post Graduate,0,,20298103,9600000,29898104,1138925,https://myneta.info/TamilNadu2021/candidate.php?candidate_id=557
558,Baskar B,NAMAKKAL,NAMAKKAL,Naam Tamilar Katchi,46,Doctorate,0,,5793937,42700000,53882254,39652102,https://myneta.info/TamilNadu2021/candidate.php?candidate_id=558
559,Natarajan C,NANNILAM,THIRUVARUR,IND,49,10th Pass,0,,220000,500000,720000,0,https://myneta.info/TamilNadu2021/candidate.php?candidate_id=559
561,Saba.Rajendran,NEYVELI,CUDDALORE,DMK,59,Graduate Professional,7,"143, 188, 270; 143, 188, 270; 143, 188; 143, 188; 143, 188; 143, 188; 143, 188",17790176,44300000,62090178,7265337,https://myneta.info/TamilNadu2021/candidate.php?candidate_id=561
562,Ramesh.K,NEYVELI,CUDDALORE,Naam Tamilar Katchi,50,Others,0,,2839779,10700000,13539779,6300000,https://myneta.info/TamilNadu2021/candidate.php?candidate_id=562
563,Jagan.K,NEYVELI,CUDDALORE,Pattali Makkal Katchi,47,12th Pass,1,,4557000,83600000,88157000,24820000,https://myneta.info/TamilNadu2021/candidate.php?candidate_id=563
564,"Syedali, A.",PADMANABHAPURAM,KANNIYAKUMARI,IND,45,12th Pass,0,,700343,5000000,5923343,0,https://myneta.info/TamilNadu2021/candidate.php?candidate_id=564
565,Fathima .A,PALAYAMKOTTAI,TIRUNELVELI,Naam Tamilar Katchi,31,5th Pass,0,,87803,3,87803,47850,https://myneta.info/TamilNadu2021/candidate.php?candidate_id=565
566,Ramesh V,PALLADAM,TIRUPPUR,IND,36,12th Pass,0,,211000,3,211000,65000,https://myneta.info/TamilNadu2021/candidate.php?candidate_id=566
567,Anandan M S M,PALLADAM,TIRUPPUR,AIADMK,59,10th Pass,0,,34450395,45255000,79705395,12103792,https://myneta.info/TamilNadu2021/candidate.php?candidate_id=567
568,Annadurai R,PALLADAM,TIRUPPUR,BSP,47,Illiterate,0,,295000,3,295000,0,https://myneta.info/TamilNadu2021/candidate.php?candidate_id=568
569,Selvam.P,PAPPIREDDIPATTI,DHARMAPURI,IND,34,Post Graduate,0,,340000,3,349000,0,https://myneta.info/TamilNadu2021/candidate.php?candidate_id=569
570,Anand Kumar.K,PAPPIREDDIPATTI,DHARMAPURI,IND,53,Literate,0,,725000,2800000,3525000,483500,https://myneta.info/TamilNadu2021/candidate.php?candidate_id=570
571,Ramesh.R,PAPPIREDDIPATTI,DHARMAPURI,Naam Tamilar Katchi,38,Graduate,0,,2160005,3,2160005,1099926,https://myneta.info/TamilNadu2021/candidate.php?candidate_id=571
572,Sasikala S,PARAMAKUDI (SC),RAMANATHAPURAM,Naam Tamilar Katchi,32,Post Graduate,0,,989000,3,989000,800000,https://myneta.info/TamilNadu2021/candidate.php?candidate_id=572
573,Sekar S,PARAMATHIVELUR,NAMAKKAL,AIADMK,50,Graduate Professional,0,,6142482,16519010,22661492,6235983,https://myneta.info/TamilNadu2021/candidate.php?candidate_id=573
574,Saminathan P P,PARAMATHIVELUR,NAMAKKAL,Amma Makkal Munnettra Kazagam,55,Others,0,,12717751,35500000,47529175,2314736,https://myneta.info/TamilNadu2021/candidate.php?candidate_id=574
575,Moorthiy K S,PARAMATHIVELUR,NAMAKKAL,DMK,59,Graduate,1,"144, 188, 124",31985565,23342080,55328049,4149213,https://myneta.info/TamilNadu2021/candidate.php?candidate_id=575
576,Uvarani K,PARAMATHIVELUR,NAMAKKAL,Naam Tamilar Katchi,34,Post Graduate,0,,1390000,2250000,3640000,35000,https://myneta.info/TamilNadu2021/candidate.php?candidate_id=576
577,Inbasekaran. P.N.P,PENNAGARAM,DHARMAPURI,DMK,37,Post Graduate,19,"188, 143, 341; 143, 188; 143, 188, 341; 147, 294B, 506(i); 143, 188, 341; 143, 188, 341; 143, 269; 143, 269; 143, 188; 269, 270; 269, 270; 143, 270; 143, 341; 143, 341",41750709,30150000,71900710,12125326,https://myneta.info/TamilNadu2021/candidate.php?candidate_id=577
578,Lakshmi Narayanan. E,PERAMBUR,CHENNAI,Amma Makkal Munnettra Kazagam,48,8th Pass,3,"143, 188; 147, 341, 448, 380, 506(i)",3636695,2958095,6594790,892282,https://myneta.info/TamilNadu2021/candidate.php?candidate_id=578
579,Suresh. C,PERAMBUR,CHENNAI,BSP,37,10th Pass,0,,1398850,3,1398950,533000,https://myneta.info/TamilNadu2021/candidate.php?candidate_id=579
580,Shekar. R.D,PERAMBUR,CHENNAI,DMK,54,Graduate Professional,10,"143, 188, 147, 341, 323, 506(2); 143, 188; 143; 143,188; 143, 188; 143, 188, 269; 143, 188; 143, 188; 143, 188",5891842,7000000,12891842,3996800,https://myneta.info/TamilNadu2021/candidate.php?candidate_id=580
581,Merlin Suganthi. S,PERAMBUR,CHENNAI,Naam Tamilar Katchi,35,Others,0,,709249,4840000,5549249,980000,https://myneta.info/TamilNadu2021/candidate.php?candidate_id=581
582,"A.C.Mohan Raj B.P.T.,",PERIYAKULAM (SC),THENI,IND,45,Graduate Professional,0,,623469,1100000,1723469,450000,https://myneta.info/TamilNadu2021/candidate.php?candidate_id=582
583,M Murugan,PERIYAKULAM (SC),THENI,AIADMK,53,Post Graduate,0,,5312169,3879293,8370762,0,https://myneta.info/TamilNadu2021/candidate.php?candidate_id=583
584,"Sampath Kumar, K.",PERUNDURAI,ERODE,IND,38,8th Pass,0,,914000,30000000,30905000,1850000,https://myneta.info/TamilNadu2021/candidate.php?candidate_id=584
585,"Loganathan, C.",PERUNDURAI,ERODE,Naam Tamilar Katchi,44,Others,0,,831390,5200041,6025631,1586099,https://myneta.info/TamilNadu2021/candidate.php?candidate_id=585
586,"Jayakumar, S.",PERUNDURAI,ERODE,AIADMK,41,Others,0,,28394470,58825000,87219470,26934763,https://myneta.info/TamilNadu2021/candidate.php?candidate_id=586
587,Kkc Balu,PERUNDURAI,ERODE,DMK,59,Graduate Professional,3,"143, 269, 271; 143, 270, 290; 143, 271, 291",9267846,58050000,67317847,8428155,https://myneta.info/TamilNadu2021/candidate.php?candidate_id=587
588,"Dhakshinamurthi, K. S.",PERUNDURAI,ERODE,Desiya Makkal Sakthi Katchi,47,,0,,,,,,https://myneta.info/TamilNadu2021/candidate.php?candidate_id=588
590,"Sugumar, K.",POLLACHI,COIMBATORE,Amma Makkal Munnettra Kazagam,60,Graduate,0,,4294816,196000000,200294816,14273692,https://myneta.info/TamilNadu2021/candidate.php?candidate_id=590
591,Sekaran. K.V,POLUR,TIRUVANNAMALAI,DMK,63,10th Pass,1,"143, 188, 269, 270",16536799,7415095,23951894,3320000,https://myneta.info/TamilNadu2021/candidate.php?candidate_id=591
592,Agri Krishnamurthy. S S,POLUR,TIRUVANNAMALAI,AIADMK,61,Graduate Professional,1,,46124719,29273000,75397719,11187013,https://myneta.info/TamilNadu2021/candidate.php?candidate_id=592
593,Pon. Raja,PONNERI (SC),THIRUVALLUR,Amma Makkal Munnettra Kazagam,45,Graduate Professional,0,,28110510,64782700,92893210,43734958,https://myneta.info/TamilNadu2021/candidate.php?candidate_id=593
594,Ashok Priyadarshan.S,PONNERI (SC),THIRUVALLUR,IND,42,Post Graduate,0,,99991,3,99991,0,https://myneta.info/TamilNadu2021/candidate.php?candidate_id=594
595,Bhavani Ilavenil.J,PONNERI (SC),THIRUVALLUR,BSP,31,Graduate,0,,325296,3,320296,1520000,https://myneta.info/TamilNadu2021/candidate.php?candidate_id=595
596,Balaraman.P,PONNERI (SC),THIRUVALLUR,AIADMK,59,Post Graduate,0,,4758750,16867500,24626250,1047180,https://myneta.info/TamilNadu2021/candidate.php?candidate_id=596
598,Boshya Gayathri M,POONAMALLEE (SC),THIRUVALLUR,My India Party,25,Post Graduate,0,,138000,3,138000,0,https://myneta.info/TamilNadu2021/candidate.php?candidate_id=598
599,Krishnaswamy A,POONAMALLEE (SC),THIRUVALLUR,DMK,55,Graduate Professional,8,"143,188,269; 143, 188, 269; 143, 188,; 143, 188, 269",12617837,118700000,131317837,6900000,https://myneta.info/TamilNadu2021/candidate.php?candidate_id=599
600,Sathyamurthy A C,POONAMALLEE (SC),THIRUVALLUR,BSP,41,Graduate Professional,0,,210000,2500000,2710000,0,https://myneta.info/TamilNadu2021/candidate.php?candidate_id=600
601,M. Saravana Deva,PUDUKKOTTAI,PUDUKKOTTAI,Namadhu Makkal Katchi,49,10th Pass,0,,480500,300000,780500,150000,https://myneta.info/TamilNadu2021/candidate.php?candidate_id=601
